time,precipitation_sum,sunshine_duration,temperature_2m_mean,temperature_2m_max,temperature_2m_min,wind_speed_10m_max,wind_direction_10m_dominant,sunrise,sunset,daylight_duration,cloud_cover_mean,cloud_cover_max,cloud_cover_min,relative_humidity_2m_mean,snowfall_sum,rain_sum,precipitation_hours
9/16/24,0,40229.09,80,90.4,69.9,7.2,82,2024-09-16T07:15,2024-09-16T19:34,44374.82,4,29,0,63,0,0,0
9/17/24,0,40195.77,80.5,90.7,70.2,9.3,109,2024-09-17T07:15,2024-09-17T19:33,44254.3,6,35,0,62,0,0,0
9/18/24,0,40098.59,82.7,93,72.5,10.5,155,2024-09-18T07:16,2024-09-18T19:31,44133.62,6,25,0,58,0,0,0
9/19/24,0,40094.13,86.2,96.8,76.9,10.6,175,2024-09-19T07:17,2024-09-19T19:30,44012.82,1,6,0,52,0,0,0
9/20/24,0,40089.15,86.3,96.8,76.5,10.7,182,2024-09-20T07:17,2024-09-20T19:29,43892,25,99,0,51,0,0,0
9/21/24,0,39998.35,85.2,94,76.9,12.7,176,2024-09-21T07:18,2024-09-21T19:27,43771.23,49,100,0,52,0,0,0
9/22/24,0,36311.21,83.5,93.7,75.5,10.8,178,2024-09-22T07:19,2024-09-22T19:26,43650.56,41,100,0,54,0,0,0
9/23/24,0.256,21176.37,75.1,81.8,69.3,12.7,305,2024-09-23T07:19,2024-09-23T19:25,43530.09,72,100,0,76,0,0.256,5
9/24/24,0,39803.29,75.4,88.1,64.3,6.5,222,2024-09-24T07:20,2024-09-24T19:23,43409.88,13,93,0,71,0,0,0
9/25/24,0.142,37928.32,74.1,81.3,68,14.7,20,2024-09-25T07:20,2024-09-25T19:22,43290,23,100,0,65,0,0.142,2
9/26/24,0,39713.26,71.3,81.3,60.8,7.3,9,2024-09-26T07:21,2024-09-26T19:21,43170.54,0,0,0,57,0,0,0
9/27/24,0,39628.95,73.2,84.2,62.3,8.8,348,2024-09-27T07:22,2024-09-27T19:19,43051.55,0,0,0,54,0,0,0
9/28/24,0,39475.87,75.1,87.1,65.4,11.8,342,2024-09-28T07:22,2024-09-28T19:18,42933.12,4,89,0,47,0,0,0
9/29/24,0,39178.02,75.1,86.9,64.6,7.1,352,2024-09-29T07:23,2024-09-29T19:17,42815.02,43,100,0,47,0,0,0
9/30/24,0,39247.23,78.5,91.2,65.9,7.5,222,2024-09-30T07:24,2024-09-30T19:15,42696.46,0,0,0,47,0,0,0
10/1/24,0,39165.92,79.3,90.5,67.5,12.7,34,2024-10-01T07:25,2024-10-01T19:14,42577.48,0,1,0,45,0,0,0
10/2/24,0,39026.18,77.3,89.5,66.2,6.7,64,2024-10-02T07:25,2024-10-02T19:13,42458.17,0,0,0,44,0,0,0
10/3/24,0,38891.77,81.2,93.8,69.8,10.5,163,2024-10-03T07:26,2024-10-03T19:11,42338.6,2,21,0,48,0,0,0
10/4/24,0,38814.39,78.9,90.4,70.1,11.3,99,2024-10-04T07:27,2024-10-04T19:10,42218.86,10,64,0,47,0,0,0
10/5/24,0,38736.53,77.8,88.2,69,6.5,110,2024-10-05T07:27,2024-10-05T19:09,42099.02,7,36,0,47,0,0,0
10/6/24,0,38622.34,77.6,88.4,67.9,8.5,88,2024-10-06T07:28,2024-10-06T19:07,41979.16,2,26,0,59,0,0,0
10/7/24,0,38543.3,78,89,68.3,7.8,22,2024-10-07T07:29,2024-10-07T19:06,41859.39,0,0,0,50,0,0,0
10/8/24,0,38464.65,75.2,86.1,64.7,6.8,87,2024-10-08T07:29,2024-10-08T19:05,41739.77,0,0,0,46,0,0,0
10/9/24,0,38386.46,76,88.5,64.6,7.6,155,2024-10-09T07:30,2024-10-09T19:04,41620.38,0,6,0,37,0,0,0
10/10/24,0,38308.87,78.3,91.4,66.8,10.1,153,2024-10-10T07:31,2024-10-10T19:02,41501.33,2,13,0,39,0,0,0
10/11/24,0,33768.21,78.8,89.6,68.7,13.4,163,2024-10-11T07:32,2024-10-11T19:01,41382.68,20,100,0,34,0,0,0
10/12/24,0,38155.79,82.4,97.7,70.2,13.7,207,2024-10-12T07:32,2024-10-12T19:00,41264.53,5,30,0,30,0,0,0
10/13/24,0,38080.52,83.7,98.1,74.1,15.2,258,2024-10-13T07:33,2024-10-13T18:59,41146.97,2,27,0,25,0,0,0
10/14/24,0,38006.23,72.9,81.3,64.4,12.4,36,2024-10-14T07:34,2024-10-14T18:57,41030.08,12,61,0,33,0,0,0
10/15/24,0,37933.04,76.8,95.1,63.2,17.9,349,2024-10-15T07:34,2024-10-15T18:56,40913.95,1,19,0,37,0,0,0
10/16/24,0,37861.02,60.1,68,51.9,21.3,70,2024-10-16T07:35,2024-10-16T18:55,40798.68,7,85,0,31,0,0,0
10/17/24,0,37746.73,59.8,71.3,48.5,11.2,138,2024-10-17T07:36,2024-10-17T18:54,40684.36,1,13,0,35,0,0,0
10/18/24,0,37628.96,66.3,77.9,55.4,13.1,146,2024-10-18T07:37,2024-10-18T18:53,40571.08,17,100,0,39,0,0,0
10/19/24,0,37511.58,67.4,78,58.1,10.2,118,2024-10-19T07:38,2024-10-19T18:52,40458.6,1,7,0,40,0,0,0
10/20/24,0,37393.93,67,80.6,54.7,8,118,2024-10-20T07:38,2024-10-20T18:51,40346.05,0,0,0,50,0,0,0
10/21/24,0,37276.1,69.9,82.6,57.1,13.4,166,2024-10-21T07:39,2024-10-21T18:50,40233.49,4,29,0,45,0,0,0
10/22/24,0,36879.8,76.4,88.3,66.1,12.6,191,2024-10-22T07:40,2024-10-22T18:48,40120.99,2,22,0,58,0,0,0
10/23/24,0,36704.74,79.4,91.7,68.2,12.1,191,2024-10-23T07:41,2024-10-23T18:47,40008.66,3,21,0,55,0,0,0
10/24/24,0,36731.86,78.8,89.6,67.6,14.9,191,2024-10-24T07:42,2024-10-24T18:46,39896.6,1,15,0,49,0,0,0
10/25/24,0,36558.46,78.2,89.6,68.4,15,210,2024-10-25T07:42,2024-10-25T18:45,39784.91,8,63,0,49,0,0,0
10/26/24,0,36296.74,72.5,81.5,64.3,8.6,344,2024-10-26T07:43,2024-10-26T18:44,39673.69,9,53,0,55,0,0,0
10/27/24,0,36135.55,74.7,88.1,62,8.7,151,2024-10-27T07:44,2024-10-27T18:43,39563.04,2,11,0,55,0,0,0
10/28/24,0,35807.68,79.5,88.5,70,17.9,183,2024-10-28T07:45,2024-10-28T18:42,39453.07,18,100,0,46,0,0,0
10/29/24,0.016,35745.87,77.7,85.2,71.6,22.6,173,2024-10-29T07:46,2024-10-29T18:41,39343.89,36,100,0,63,0,0.016,4
10/30/24,0.047,34905.88,78.5,88.4,72.3,21,180,2024-10-30T07:47,2024-10-30T18:40,39235.61,58,100,13,66,0,0.047,7
10/31/24,0.476,35692.46,66.7,78.1,56.3,15,357,2024-10-31T07:47,2024-10-31T18:39,39128.34,19,100,0,63,0,0.476,2
11/1/24,0.098,2515.62,63.5,72.5,57.9,9.6,72,2024-11-01T07:48,2024-11-01T18:39,39022.18,76,100,6,80,0,0.098,5
11/2/24,0.02,7167.85,70.6,79.7,65.3,13.2,138,2024-11-02T07:49,2024-11-02T18:38,38917.25,80,100,21,83,0,0.02,4
11/3/24,1.524,8394.65,72.2,76.2,67.9,17.5,173,2024-11-03T07:50,2024-11-03T18:37,38813.68,83,100,2,85,0,1.524,14
11/4/24,0.811,11240.24,70.6,77.2,63.8,23.5,187,2024-11-04T07:51,2024-11-04T18:36,38711.58,77,100,2,82,0,0.811,12
11/5/24,0.11,29725.14,61,65.2,54.9,11.8,264,2024-11-05T07:52,2024-11-05T18:35,38611.07,44,100,0,66,0,0.11,3
11/6/24,0,35042.05,58.5,69.8,47.7,9,125,2024-11-06T07:53,2024-11-06T18:34,38512.27,0,0,0,70,0,0,0
11/7/24,0.043,8741.33,62.9,71.4,54.5,13.7,78,2024-11-07T07:53,2024-11-07T18:34,38415.31,66,100,0,88,0,0.043,4
11/8/24,0.457,12403.39,67.7,75.6,59.7,14.6,137,2024-11-08T07:54,2024-11-08T18:33,38319.96,94,100,1,88,0,0.457,15
11/9/24,0,34771.04,58,69.7,46.2,7.1,265,2024-11-09T07:55,2024-11-09T18:32,38225.33,0,0,0,62,0,0,0
11/10/24,0,34675.8,62.1,74.3,52.6,7.5,265,2024-11-10T07:56,2024-11-10T18:32,38131.46,0,0,0,63,0,0,0
11/11/24,0,34620.66,61.1,72.2,50.4,6.9,40,2024-11-11T07:57,2024-11-11T18:31,38038.46,36,100,0,63,0,0,0
11/12/24,0,34559.75,61,71.4,51.2,11.2,132,2024-11-12T07:58,2024-11-12T18:30,37946.45,45,96,0,70,0,0,0
11/13/24,0,34507.41,63.7,70.7,58.1,16.7,275,2024-11-13T07:59,2024-11-13T18:30,37855.52,28,100,0,60,0,0,0
11/14/24,0,34449.54,57.2,67.3,45.7,6.4,323,2024-11-14T08:00,2024-11-14T18:29,37765.79,0,0,0,53,0,0,0
11/15/24,0,34384.34,57.2,68.9,43.7,10.9,150,2024-11-15T08:01,2024-11-15T18:29,37677.36,0,0,0,49,0,0,0
11/16/24,0,34325.59,63.3,75.2,51.9,15.8,162,2024-11-16T08:02,2024-11-16T18:28,37590.36,59,100,0,65,0,0,0
11/17/24,0.024,31378.53,69.2,79.5,61.6,13,150,2024-11-17T08:02,2024-11-17T18:27,37504.9,80,100,8,80,0,0.024,2
11/18/24,0.346,28800,68,71.9,60.8,28.6,200,2024-11-18T08:03,2024-11-18T18:27,37421.1,48,100,0,66,0,0.346,10
11/19/24,0,34149.73,61.3,71.1,52,15.3,278,2024-11-19T08:04,2024-11-19T18:27,37339.07,0,0,0,52,0,0,0
11/20/24,0,34091.54,52.6,60.8,44.9,16.7,346,2024-11-20T08:05,2024-11-20T18:26,37258.95,0,0,0,43,0,0,0
11/21/24,0,34023.93,52.4,66.3,39.3,8.8,280,2024-11-21T08:06,2024-11-21T18:26,37180.84,0,0,0,47,0,0,0
11/22/24,0,33941.41,52.3,63.3,41.4,5.9,71,2024-11-22T08:07,2024-11-22T18:25,37104.88,41,100,0,58,0,0,0
11/23/24,0,33861.29,59.3,75.1,45.3,15.7,175,2024-11-23T08:08,2024-11-23T18:25,37031.19,5,57,0,46,0,0,0
11/24/24,0,32971.64,68.2,82,57.6,20.3,196,2024-11-24T08:09,2024-11-24T18:25,36959.89,29,99,0,62,0,0,0
11/25/24,0,33708.83,57.3,68.4,46.8,19.8,316,2024-11-25T08:10,2024-11-25T18:24,36891.12,58,100,0,62,0,0,0
11/26/24,0,32957.9,48.7,59.3,36.6,12,150,2024-11-26T08:11,2024-11-26T18:24,36825,46,100,0,52,0,0,0
11/27/24,0,33034.91,64,85.2,53.6,20.8,249,2024-11-27T08:11,2024-11-27T18:24,36761.66,86,100,45,54,0,0,0
11/28/24,0,15900.01,46.7,52,42.8,17.4,5,2024-11-28T08:12,2024-11-28T18:24,36700.96,92,100,30,51,0,0,0
11/29/24,0,33175.41,43.9,52,36.2,8.8,56,2024-11-29T08:13,2024-11-29T18:24,36642.21,50,100,0,48,0,0,0
11/30/24,0,32682.69,47.6,62.1,36.1,11.4,197,2024-11-30T08:14,2024-11-30T18:24,36585.45,36,99,0,46,0,0,0
12/1/24,0,33116.55,47.9,60.2,35.7,6.8,39,2024-12-01T08:15,2024-12-01T18:23,36530.75,0,0,0,55,0,0,0
12/2/24,0,33001.72,50.3,62.3,38,4.7,37,2024-12-02T08:16,2024-12-02T18:23,36478.17,2,27,0,49,0,0,0
12/3/24,0,32893.9,49,59.9,36.5,7.9,89,2024-12-03T08:16,2024-12-03T18:23,36427.79,21,100,0,56,0,0,0
12/4/24,0.886,75.25,53.7,59.2,49.4,12.1,188,2024-12-04T08:17,2024-12-04T18:23,36379.69,94,100,19,77,0,0.886,7
12/5/24,0,32220.21,48,53.8,41.5,12.7,24,2024-12-05T08:18,2024-12-05T18:23,36333.93,70,100,0,66,0,0,0
12/6/24,0.02,29191.52,41.5,48.7,33.5,7.6,62,2024-12-06T08:19,2024-12-06T18:24,36290.59,47,100,0,54,0,0.02,1
12/7/24,0.752,6593.94,45.8,48.9,43.3,9.9,176,2024-12-07T08:20,2024-12-07T18:24,36249.73,96,100,47,76,0,0.752,13
12/8/24,0.114,30001.62,52.7,65.8,45,13.3,201,2024-12-08T08:20,2024-12-08T18:24,36211.44,55,100,0,82,0,0.114,3
12/9/24,0,32531.08,56.6,69.4,49.6,12.7,251,2024-12-09T08:21,2024-12-09T18:24,36175.77,0,11,0,65,0,0,0
12/10/24,0,21757.5,45.1,50.9,39.9,18.2,339,2024-12-10T08:22,2024-12-10T18:24,36142.82,36,100,0,63,0,0,0
12/11/24,0,32473.4,45.1,57.4,34.7,11.2,257,2024-12-11T08:23,2024-12-11T18:24,36112.64,9,70,0,46,0,0,0
12/12/24,0,29093.9,49.6,59.2,40.2,16.3,187,2024-12-12T08:23,2024-12-12T18:25,36085.3,81,100,1,40,0,0,0
12/13/24,0.02,4418.4,56.1,62.3,50.8,18.4,162,2024-12-13T08:24,2024-12-13T18:25,36060.88,98,100,64,79,0,0.02,4
12/14/24,0.031,32310.36,62,68.8,54.4,14.2,232,2024-12-14T08:25,2024-12-14T18:25,36039.43,33,100,0,68,0,0.031,4
12/15/24,0.043,21951.18,63.3,76.4,51.7,16.1,180,2024-12-15T08:25,2024-12-15T18:26,36021.04,69,100,0,75,0,0.043,5
12/16/24,0.256,24423.62,67,74.4,59.8,16.8,215,2024-12-16T08:26,2024-12-16T18:26,36005.76,68,100,5,84,0,0.256,12
12/17/24,0.02,31669.91,62.1,75.3,52.7,12.8,215,2024-12-17T08:26,2024-12-17T18:26,35993.66,30,100,0,68,0,0.02,3
12/18/24,0.083,32392.98,53.4,64,44.1,19.5,342,2024-12-18T08:27,2024-12-18T18:27,35984.75,24,100,0,60,0,0.083,1
12/19/24,0,32436.05,46.9,60.8,33.4,9.3,193,2024-12-19T08:27,2024-12-19T18:27,35978.88,11,99,0,65,0,0,0
12/20/24,0,32433.94,46.6,54.4,41.4,12.1,6,2024-12-20T08:28,2024-12-20T18:27,35976.01,3,42,0,54,0,0,0
12/21/24,0,32406.84,42.2,53.8,31.4,9.3,124,2024-12-21T08:28,2024-12-21T18:28,35976.13,0,4,0,65,0,0,0
12/22/24,0,32400,51,63.5,40.7,14.7,166,2024-12-22T08:29,2024-12-22T18:29,35979.2,20,100,0,62,0,0,0
12/23/24,0.004,12351.17,60,67.8,53.6,18.4,168,2024-12-23T08:29,2024-12-23T18:29,35985.2,66,100,6,77,0,0.004,1
12/24/24,0.776,121.69,59.9,65.2,53.6,13.8,238,2024-12-24T08:30,2024-12-24T18:30,35994.11,94,100,39,86,0,0.776,12
12/25/24,0,2825.31,54,58.5,51.2,9.8,7,2024-12-25T08:30,2024-12-25T18:30,36005.88,99,100,87,81,0,0,0
12/26/24,0.642,15683.3,55.2,62.6,52.2,14.6,338,2024-12-26T08:31,2024-12-26T18:31,36020.5,73,100,1,91,0,0.642,8
12/27/24,0,32400,56.1,69.7,47.1,16.1,226,2024-12-27T08:31,2024-12-27T18:32,36037.93,58,100,0,69,0,0,0
12/28/24,0.012,22731.33,60.5,69.6,52.2,10.7,225,2024-12-28T08:31,2024-12-28T18:32,36058.14,67,100,0,64,0,0.012,1
12/29/24,0,32440.18,56.4,69.3,45.3,10.2,220,2024-12-29T08:32,2024-12-29T18:33,36081.1,51,100,0,77,0,0,0
12/30/24,0,32483.59,61.8,76.8,53.8,18.1,240,2024-12-30T08:32,2024-12-30T18:34,36106.76,11,64,0,44,0,0,0
12/31/24,0,32487.92,50.7,56.8,44.3,14.1,352,2024-12-31T08:32,2024-12-31T18:34,36135.1,15,93,0,49,0,0,0
1/1/25,0,32491.55,42.3,48.3,36.5,8.2,30,2025-01-01T08:32,2025-01-01T18:35,36166.09,36,100,0,72,0,0,0
1/2/25,0,32544.88,46.1,60,34.4,9.3,172,2025-01-02T08:32,2025-01-02T18:36,36199.67,5,40,0,72,0,0,0
1/3/25,0,31645.03,49.8,59,40.4,7.4,80,2025-01-03T08:33,2025-01-03T18:37,36235.81,29,100,0,82,0,0,0
1/4/25,0.008,7815.08,59.2,65.2,53.4,18.6,164,2025-01-04T08:33,2025-01-04T18:37,36274.49,98,100,82,84,0,0.008,2
1/5/25,0.012,32672.85,47.2,65.4,26.9,23.6,295,2025-01-05T08:33,2025-01-05T18:38,36315.65,39,100,0,61,0,0.012,1
1/6/25,0,32477.5,28.8,36.8,20.4,17.9,342,2025-01-06T08:33,2025-01-06T18:39,36359.26,25,100,0,44,0,0,0
1/7/25,0,27174.52,30.2,36.7,23.3,10.5,13,2025-01-07T08:33,2025-01-07T18:40,36405.47,74,100,0,48,0,0,0
1/8/25,0,19484.4,31.5,39.2,25.2,11.1,1,2025-01-08T08:33,2025-01-08T18:41,36454.76,62,100,0,49,0,0,0
1/9/25,1.063,0,31.8,33.1,30.1,8.1,94,2025-01-09T08:33,2025-01-09T18:41,36507.04,98,100,64,83,6.311,0.161,17
1/10/25,0.039,15157.66,31.9,34.5,28.9,15.8,326,2025-01-10T08:33,2025-01-10T18:42,36562.2,68,100,0,90,0.276,0,3
1/11/25,0,33170.96,34.1,44.8,24.8,12.6,204,2025-01-11T08:33,2025-01-11T18:43,36620.14,0,0,0,69,0,0,0
1/12/25,0,33104.17,41.4,50.5,33.1,15.9,311,2025-01-12T08:33,2025-01-12T18:44,36680.71,4,24,0,65,0,0,0
1/13/25,0,33305.77,37,46.4,27.5,10.4,19,2025-01-13T08:32,2025-01-13T18:45,36743.83,18,99,0,57,0,0,0
1/14/25,0,33328.43,40,52.5,28.7,6.2,157,2025-01-14T08:32,2025-01-14T18:46,36809.38,38,100,0,56,0,0,0
1/15/25,0,33448.16,43.9,58.2,33,5.3,322,2025-01-15T08:32,2025-01-15T18:47,36877.23,15,98,0,57,0,0,0
1/16/25,0,33710.86,46.3,60.9,34.5,10.2,243,2025-01-16T08:32,2025-01-16T18:48,36947.29,50,100,0,53,0,0,0
1/17/25,0.016,23729.11,54.7,67.1,44.6,19.7,200,2025-01-17T08:31,2025-01-17T18:49,37019.43,57,100,0,43,0,0.016,1
1/18/25,0,33830.66,43,62,30.2,20.6,342,2025-01-18T08:31,2025-01-18T18:49,37093.57,0,0,0,45,0,0,0
1/19/25,0.004,33890.99,26.8,32.9,21,20.3,359,2025-01-19T08:31,2025-01-19T18:50,37169.57,23,100,0,39,0.028,0,1
1/20/25,0,30929.21,27.3,34.2,21.2,9.9,72,2025-01-20T08:31,2025-01-20T18:51,37247.34,44,100,0,37,0,0,0
1/21/25,0,34012.01,25.8,30.8,20.7,14.1,10,2025-01-21T08:30,2025-01-21T18:52,37326.77,38,100,0,45,0,0,0
1/22/25,0,34079.1,33.7,49.6,23.2,16.2,211,2025-01-22T08:30,2025-01-22T18:53,37407.75,10,88,0,43,0,0,0
1/23/25,0,34138.99,35.9,47.3,28.4,11.5,332,2025-01-23T08:29,2025-01-23T18:54,37490.19,12,91,0,45,0,0,0
1/24/25,0,34198.3,39.4,54.1,25.4,16.1,217,2025-01-24T08:29,2025-01-24T18:55,37573.98,0,0,0,37,0,0,0
1/25/25,0,34252.48,48.2,63.4,36.8,16.9,186,2025-01-25T08:28,2025-01-25T18:56,37659.02,58,100,1,47,0,0,0
1/26/25,0.106,0,45.3,49.1,41.8,10.7,346,2025-01-26T08:28,2025-01-26T18:57,37745.21,88,100,13,74,0,0.106,6
1/27/25,0,30770.79,40.4,50.3,29.5,11,4,2025-01-27T08:27,2025-01-27T18:58,37832.79,71,100,16,48,0,0,0
1/28/25,0,6053.43,51.3,58.6,45.3,6.6,186,2025-01-28T08:27,2025-01-28T18:59,37922.6,100,100,99,59,0,0,0
1/29/25,2.165,1253.87,55.8,62.8,52,11.3,149,2025-01-29T08:26,2025-01-29T19:00,38014.57,98,100,85,92,0,2.165,17
1/30/25,0.61,27349.8,59,68.8,52.9,14.6,269,2025-01-30T08:26,2025-01-30T19:01,38108.57,56,100,0,66,0,0.61,9
1/31/25,0,34647.82,53.2,64.2,45.6,18.2,283,2025-01-31T08:25,2025-01-31T19:02,38204.45,0,2,0,43,0,0,0
2/1/25,0,34815.06,54,69.3,39.4,16,180,2025-02-01T08:24,2025-02-01T19:03,38302.09,2,50,0,42,0,0,0
2/2/25,0,34937.67,61.7,76.5,50.6,16.1,203,2025-02-02T08:23,2025-02-02T19:04,38401.37,2,24,0,43,0,0,0
2/3/25,0,34943.79,67.8,82.8,57.5,16.7,200,2025-02-03T08:23,2025-02-03T19:05,38502.15,0,0,0,55,0,0,0
2/4/25,0,34942.06,62.5,70.8,50.7,12,227,2025-02-04T08:22,2025-02-04T19:05,38604.31,10,57,0,76,0,0,0
2/5/25,0.008,19591.71,60.4,75.8,44.9,16.6,181,2025-02-05T08:21,2025-02-05T19:06,38707.74,63,100,0,83,0,0.008,2
2/6/25,0,35201.77,69.8,85.1,56,15.3,220,2025-02-06T08:20,2025-02-06T19:07,38812.31,1,4,0,73,0,0,0
2/7/25,0,17879.04,60.7,79.5,49.4,17.8,163,2025-02-07T08:20,2025-02-07T19:08,38917.9,33,100,0,78,0,0,0
2/8/25,0,35484.02,67,86,49,19.2,242,2025-02-08T08:19,2025-02-08T19:09,39024.41,6,96,0,68,0,0,0
2/9/25,0.008,638.83,48.6,57.5,43.8,11.5,17,2025-02-09T08:18,2025-02-09T19:10,39131.71,86,100,12,64,0,0.008,2
2/10/25,0.102,0,43.9,47.6,42.2,9.4,61,2025-02-10T08:17,2025-02-10T19:11,39239.7,100,100,99,85,0,0.102,13
2/11/25,0.299,2565.82,44.3,48,41,10.6,25,2025-02-11T08:16,2025-02-11T19:12,39348.26,100,100,100,84,0,0.299,7
2/12/25,0.287,16624.61,40.9,47.2,29.9,15,3,2025-02-12T08:15,2025-02-12T19:13,39457.29,86,100,6,79,0,0.287,8
2/13/25,0,28945.41,30.1,38.3,21.2,15.2,4,2025-02-13T08:14,2025-02-13T19:14,39566.69,84,100,13,55,0,0,0
2/14/25,0,22137.38,41.8,51.9,31.1,16,154,2025-02-14T08:13,2025-02-14T19:15,39676.34,80,100,0,71,0,0,0
2/15/25,0,24687.96,54.2,71.4,36.9,19.5,246,2025-02-15T08:12,2025-02-15T19:15,39786.15,54,100,0,76,0,0,0
2/16/25,0,36700.1,35.7,43.8,28.4,17.3,352,2025-02-16T08:11,2025-02-16T19:16,39896.37,14,98,0,55,0,0,0
2/17/25,0,36032.39,41.2,53.7,29.7,14.7,142,2025-02-17T08:10,2025-02-17T19:17,40007.92,60,100,0,63,0,0,0
2/18/25,0.209,0,42.7,51.3,21.2,20.9,31,2025-02-18T08:09,2025-02-18T19:18,40120.74,100,100,98,86,0,0.209,13
2/19/25,0,24004.79,19.5,27.4,13.1,18.4,358,2025-02-19T08:08,2025-02-19T19:19,40234.73,69,100,0,50,0,0,0
2/20/25,0,37418.6,20.3,30.4,11.5,14,21,2025-02-20T08:07,2025-02-20T19:20,40349.79,7,35,0,45,0,0,0
2/21/25,0,5004.31,26.9,32.2,21.5,7.2,55,2025-02-21T08:06,2025-02-21T19:21,40465.8,74,100,0,51,0,0,0
2/22/25,0,36761.93,36.5,46.5,26.5,6.2,154,2025-02-22T08:05,2025-02-22T19:21,40582.66,53,100,0,45,0,0,0
2/23/25,0.535,34437.24,49.1,62.3,39.8,8,172,2025-02-23T08:04,2025-02-23T19:22,40700.28,49,100,0,74,0,0.535,7
2/24/25,0,37907.25,54.9,70.9,42.3,10.6,178,2025-02-24T08:03,2025-02-24T19:23,40818.55,5,95,0,73,0,0,0
2/25/25,0,38008.91,60.6,74.6,48.3,15.8,162,2025-02-25T08:02,2025-02-25T19:24,40937.37,1,12,0,68,0,0,0
2/26/25,0,38081.37,66,79.1,55.3,18.8,198,2025-02-26T08:00,2025-02-26T19:25,41056.64,26,100,0,60,0,0,0
2/27/25,0.157,37692.73,59.7,69.4,50.8,15.8,22,2025-02-27T07:59,2025-02-27T19:26,41176.28,49,100,0,36,0,0.157,4
2/28/25,0,37456.26,59.6,76.1,42.3,10,227,2025-02-28T07:58,2025-02-28T19:26,41296.18,25,100,0,32,0,0,0
3/1/25,0,38301.95,63.2,77,49.3,9.3,122,2025-03-01T07:57,2025-03-01T19:27,41416.24,0,5,0,37,0,0,0
3/2/25,0.5,33296.94,62.8,76.2,53.3,21.4,137,2025-03-02T07:56,2025-03-02T19:28,41536.39,48,100,0,54,0,0.5,4
3/3/25,0.012,11942.33,65.9,78.7,56.5,19.4,156,2025-03-03T07:54,2025-03-03T19:29,41656.52,88,100,4,81,0,0.012,2
3/4/25,0.492,34407.23,61.1,68.9,50,34.5,255,2025-03-04T07:53,2025-03-04T19:30,41776.55,56,100,0,57,0,0.492,8
3/5/25,0,38599.95,50.8,60.5,42.1,21.7,320,2025-03-05T07:52,2025-03-05T19:30,41896.38,4,44,0,40,0,0,0
3/6/25,0,34512.38,54,64.9,41.9,19.2,152,2025-03-06T07:51,2025-03-06T19:31,42015.92,85,100,1,43,0,0,0
3/7/25,0,32434.46,67,81.4,57.2,17.7,207,2025-03-07T07:49,2025-03-07T19:32,42135.09,38,100,0,51,0,0,0
3/8/25,0.193,7009.44,51,60.2,45.6,16.7,21,2025-03-08T07:48,2025-03-08T19:33,42254.12,90,100,0,73,0,0.193,12
3/9/25,0.016,19850.03,48.1,57.6,41.9,15.9,340,2025-03-09T07:47,2025-03-09T19:33,42373.87,72,100,0,72,0,0.016,4
3/10/25,0,39119.93,55.2,74.1,38.6,10.6,223,2025-03-10T07:46,2025-03-10T19:34,42494.3,0,0,0,48,0,0,0
3/11/25,0,39199.53,65.1,84.2,49.7,16.2,206,2025-03-11T07:45,2025-03-11T19:35,42615.34,0,0,0,29,0,0,0
3/12/25,0,39279.09,71.2,85.5,58.3,26.2,229,2025-03-12T07:43,2025-03-12T19:36,42736.89,19,98,0,33,0,0,0
3/13/25,0,36638.5,72.7,87.7,57.2,14.2,246,2025-03-13T07:42,2025-03-13T19:36,42858.89,55,100,0,16,0,0,0
3/14/25,0,39509.2,73.3,83,66.5,26.7,223,2025-03-14T07:41,2025-03-14T19:37,42981.25,29,100,0,28,0,0,0
3/15/25,0,38357.5,61.7,67.1,56.5,19.9,289,2025-03-15T07:39,2025-03-15T19:38,43103.89,63,100,0,26,0,0,0
3/16/25,0,39826.07,57,69.8,40.8,10.1,318,2025-03-16T07:38,2025-03-16T19:39,43226.72,7,100,0,29,0,0,0
3/17/25,0,39526.1,67.3,86,50.4,19,191,2025-03-17T07:37,2025-03-17T19:39,43349.68,27,100,0,25,0,0,0
3/18/25,0,39746.29,71.9,85.1,59.2,25.3,187,2025-03-18T07:35,2025-03-18T19:40,43472.66,73,100,0,43,0,0,0
3/19/25,0,39996.54,62,69.8,50,26.2,297,2025-03-19T07:34,2025-03-19T19:41,43595.61,8,63,0,29,0,0,0
3/20/25,0,40173.8,52.9,63.4,40.7,15.3,337,2025-03-20T07:33,2025-03-20T19:41,43718.44,0,0,0,31,0,0,0
3/21/25,0,40270.69,60.5,79.1,45.7,20.4,195,2025-03-21T07:31,2025-03-21T19:42,43841.06,0,4,0,28,0,0,0
3/22/25,0,40189.17,67.3,83.2,51.4,20.5,177,2025-03-22T07:30,2025-03-22T19:43,43963.41,2,24,0,42,0,0,0
3/23/25,0,40289,71,80.5,63,21.2,237,2025-03-23T07:29,2025-03-23T19:44,44085.38,2,18,0,49,0,0,0
3/24/25,0,40487.66,65.6,79.8,50.1,8.6,112,2025-03-24T07:27,2025-03-24T19:44,44206.92,10,64,0,29,0,0,0
3/25/25,0,39915.07,73.3,91.4,58.2,15.4,179,2025-03-25T07:26,2025-03-25T19:45,44327.93,33,100,0,43,0,0,0
3/26/25,0,39600,73.2,81.9,63.2,15.8,128,2025-03-26T07:25,2025-03-26T19:46,44448.32,62,100,0,48,0,0,0
3/27/25,0.016,39422.48,68.2,79.5,60.2,20.1,146,2025-03-27T07:24,2025-03-27T19:46,44568.04,96,100,42,68,0,0.016,3
3/28/25,0.488,35052.32,67.4,77,61.3,13.6,165,2025-03-28T07:22,2025-03-28T19:47,44687.28,85,100,0,75,0,0.488,9
3/29/25,0.11,33378.47,71.9,84.8,61.1,16.7,175,2025-03-29T07:21,2025-03-29T19:48,44806.84,67,100,1,76,0,0.11,1
3/30/25,0,40866.74,72.4,85.9,59.3,17.6,233,2025-03-30T07:20,2025-03-30T19:49,44926.69,16,72,0,63,0,0,0
3/31/25,0,41189.07,59.8,70.1,50.6,12,30,2025-03-31T07:18,2025-03-31T19:49,45046.77,0,5,0,60,0,0,0
4/1/25,0.024,36354.52,68.6,85.1,53.7,23.4,164,2025-04-01T07:17,2025-04-01T19:50,45166.98,56,100,0,68,0,0.024,1
4/2/25,0.354,37527.35,74.3,82.8,66.5,24.2,183,2025-04-02T07:16,2025-04-02T19:51,45287.27,63,100,0,54,0,0.354,5
4/3/25,1.787,3231.47,61.2,66.1,56.1,19.9,29,2025-04-03T07:15,2025-04-03T19:51,45407.55,98,100,62,79,0,1.787,7
4/4/25,0.24,4408.78,59,64.4,54.2,14.2,7,2025-04-04T07:13,2025-04-04T19:52,45527.74,100,100,92,87,0,0.24,11
4/5/25,0.98,4885.67,53,57.1,46.1,20.7,4,2025-04-05T07:12,2025-04-05T19:53,45647.77,100,100,91,82,0,0.98,10
4/6/25,0,2408.46,44.9,49.6,40.1,18,337,2025-04-06T07:11,2025-04-06T19:54,45767.57,94,100,0,68,0,0,0
4/7/25,0,42842.58,50.7,62.5,39.7,8.8,329,2025-04-07T07:09,2025-04-07T19:54,45887.03,2,46,0,54,0,0,0
4/8/25,0,43020.15,57.9,71.9,43.9,12.2,187,2025-04-08T07:08,2025-04-08T19:55,46006.1,0,0,0,51,0,0,0
4/9/25,0,43201.39,69,86.6,54.5,15.5,190,2025-04-09T07:07,2025-04-09T19:56,46124.68,0,0,0,40,0,0,0
4/10/25,0,43268.88,70,81.2,56.2,12.3,47,2025-04-10T07:06,2025-04-10T19:56,46242.69,0,0,0,48,0,0,0
4/11/25,0,43454.05,68.9,80.4,55.8,7,38,2025-04-11T07:04,2025-04-11T19:57,46360.05,2,25,0,39,0,0,0
4/12/25,0,43584.67,73.3,88.7,58.9,17.7,161,2025-04-12T07:03,2025-04-12T19:58,46476.67,0,0,0,37,0,0,0
4/13/25,0,43696.87,81.5,98,67.7,22.3,196,2025-04-13T07:02,2025-04-13T19:59,46592.47,0,12,0,33,0,0,0
4/14/25,0,40464.8,76.9,87,66.9,19.8,241,2025-04-14T07:01,2025-04-14T19:59,46707.35,45,100,0,42,0,0,0
4/15/25,0.004,43185.46,66.9,75.4,58.5,15.8,51,2025-04-15T06:59,2025-04-15T20:00,46821.23,25,100,0,31,0,0.004,1
4/16/25,0,43879.1,71.1,85.1,57.9,18.1,166,2025-04-16T06:58,2025-04-16T20:01,46934.02,9,77,0,45,0,0,0
4/17/25,0,37492.39,76.4,89.5,64.4,19.1,181,2025-04-17T06:57,2025-04-17T20:01,47045.91,35,100,0,57,0,0,0
4/18/25,0,15223.92,77,87.1,67.6,18.8,183,2025-04-18T06:56,2025-04-18T20:02,47157.67,74,100,0,60,0,0,0
4/19/25,1.496,20334.53,70.7,80.3,63.8,21.9,152,2025-04-19T06:55,2025-04-19T20:03,47269.28,98,100,78,80,0,1.496,19
4/20/25,0.236,38389.74,66.2,71.6,58.3,23.2,219,2025-04-20T06:54,2025-04-20T20:04,47380.65,44,100,0,73,0,0.236,9
4/21/25,0,44562.45,64.6,75,54.7,6.7,116,2025-04-21T06:53,2025-04-21T20:04,47491.69,0,1,0,66,0,0,0
4/22/25,0,44668.24,70.1,84.1,57.2,10.2,137,2025-04-22T06:52,2025-04-22T20:05,47602.33,22,100,0,66,0,0,0
4/23/25,0.791,33085.79,69.1,75.7,63.5,12.8,114,2025-04-23T06:50,2025-04-23T20:06,47712.48,80,100,8,85,0,0.791,11
4/24/25,0.508,15475.02,68.2,74.3,65,16.8,145,2025-04-24T06:49,2025-04-24T20:06,47822.06,79,100,11,91,0,0.508,10
4/25/25,0.031,30947.63,70,77.9,62.7,9.1,143,2025-04-25T06:48,2025-04-25T20:07,47930.97,60,100,0,85,0,0.031,6
4/26/25,0,39875.9,72.8,80.7,66.1,14,150,2025-04-26T06:47,2025-04-26T20:08,48039.13,55,100,3,79,0,0,0
4/27/25,0.004,32772.84,73.8,80.4,66.7,17.4,170,2025-04-27T06:46,2025-04-27T20:09,48146.44,55,100,0,79,0,0.004,1
4/28/25,0,25729.74,75.4,82.3,69.2,21.5,173,2025-04-28T06:45,2025-04-28T20:09,48252.82,97,100,71,76,0,0,0
4/29/25,0.126,37091.19,74.7,84.3,66.5,20.6,161,2025-04-29T06:44,2025-04-29T20:10,48358.17,82,100,21,75,0,0.126,4
4/30/25,0.929,12150.55,68.6,75.7,61.1,16.4,175,2025-04-30T06:43,2025-04-30T20:11,48462.38,88,100,3,88,0,0.929,8
5/1/25,0.028,35245.05,68.9,81.1,59.4,12.7,161,2025-05-01T06:42,2025-05-01T20:12,48565.38,46,100,0,85,0,0.028,2
5/2/25,0.114,41624.37,68.4,75.5,62.9,15.1,10,2025-05-02T06:41,2025-05-02T20:12,48667.04,51,100,0,78,0,0.114,6
5/3/25,0,45773.78,62.1,70.1,54,11,355,2025-05-03T06:40,2025-05-03T20:13,48767.29,0,1,0,66,0,0,0
5/4/25,0,45866.76,64.3,73.1,54.8,8,121,2025-05-04T06:39,2025-05-04T20:14,48865.99,31,99,0,60,0,0,0
5/5/25,0.291,33934.75,63.9,73.6,56.5,12.6,113,2025-05-05T06:38,2025-05-05T20:15,48963.06,55,100,0,66,0,0.291,6
5/6/25,1.378,19279.69,64.5,77,57.6,14.7,108,2025-05-06T06:38,2025-05-06T20:15,49058.39,61,100,0,87,0,1.378,14
5/7/25,0.016,39089.09,66.5,75.8,58.1,8,308,2025-05-07T06:37,2025-05-07T20:16,49152.14,55,100,5,79,0,0.016,3
5/8/25,0,39125.09,66.7,74.2,58.1,10.8,332,2025-05-08T06:36,2025-05-08T20:17,49245.02,54,100,0,72,0,0,0
5/9/25,0.02,46309.09,66.5,74,59,17.1,2,2025-05-09T06:35,2025-05-09T20:17,49336.99,32,95,0,73,0,0.02,3
5/10/25,0,41434.2,67.4,76.6,59,13.6,6,2025-05-10T06:34,2025-05-10T20:18,49427.97,36,100,0,64,0,0,0
5/11/25,0,46451.83,66.5,77.6,55,15.8,350,2025-05-11T06:34,2025-05-11T20:19,49517.87,47,100,0,55,0,0,0
5/12/25,0,46492.55,69.6,81.6,56.7,7.2,308,2025-05-12T06:33,2025-05-12T20:20,49606.61,0,0,0,62,0,0,0
5/13/25,0,46533.19,80.9,99.1,65.2,16.6,183,2025-05-13T06:32,2025-05-13T20:20,49694.1,18,91,0,46,0,0,0
5/14/25,0,46573.69,87.1,101.7,74.7,16.7,214,2025-05-14T06:31,2025-05-14T20:21,49780.25,46,100,0,40,0,0,0
5/15/25,0,44599.47,81.5,86.1,73.7,14.4,246,2025-05-15T06:31,2025-05-15T20:22,49864.98,82,100,25,55,0,0,0
5/16/25,0.039,40242.07,80.6,90.7,71.9,15.4,197,2025-05-16T06:30,2025-05-16T20:23,49948.2,99,100,95,67,0,0.039,4
5/17/25,0.106,40518.25,78.6,94.6,69.9,17.9,167,2025-05-17T06:29,2025-05-17T20:23,50029.8,78,100,7,74,0,0.106,2
5/18/25,1.173,21559.28,79.7,88.9,71.6,19.9,174,2025-05-18T06:29,2025-05-18T20:24,50109.7,93,100,23,76,0,1.173,10
5/19/25,0.39,34775.29,78.6,87.7,72.9,22.2,176,2025-05-19T06:28,2025-05-19T20:25,50187.8,61,100,0,81,0,0.39,9
5/20/25,0.028,46800,75.5,83.6,67.8,18,322,2025-05-20T06:28,2025-05-20T20:25,50264.01,1,27,0,47,0,0.028,1
5/21/25,0,46800,77.1,90.3,62.6,14.6,163,2025-05-21T06:27,2025-05-21T20:26,50338.23,59,100,0,37,0,0,0
5/22/25,0.177,35212.54,80.4,93.1,70,22.2,161,2025-05-22T06:26,2025-05-22T20:27,50410.37,35,100,0,56,0,0.177,4
5/23/25,0.004,46800,82.7,95.9,69.5,16.3,158,2025-05-23T06:26,2025-05-23T20:27,50480.31,18,100,0,58,0,0.004,1
5/24/25,0,38817.36,85.6,97.4,74.9,20,181,2025-05-24T06:25,2025-05-24T20:28,50547.97,71,100,3,58,0,0,0
5/25/25,0.008,46078.38,84.5,97.8,75.2,20.3,173,2025-05-25T06:25,2025-05-25T20:29,50613.25,39,100,0,60,0,0.008,2
5/26/25,1.252,16518.62,72.4,80.5,67.8,14.4,103,2025-05-26T06:25,2025-05-26T20:29,50676.03,92,100,43,83,0,1.252,10
5/27/25,0.15,42805.36,73.4,82.7,66.5,9.7,44,2025-05-27T06:24,2025-05-27T20:30,50736.43,76,100,31,79,0,0.15,6
5/28/25,0.299,25981.86,70.5,78.6,66.4,10,89,2025-05-28T06:24,2025-05-28T20:30,50794.93,84,100,19,86,0,0.299,10
5/29/25,0.256,26075.05,72.9,83.6,65.6,8.7,156,2025-05-29T06:23,2025-05-29T20:31,50851.5,76,100,3,85,0,0.256,10
5/30/25,0.157,42622.98,70.8,77.7,64.4,10.3,23,2025-05-30T06:23,2025-05-30T20:32,50906.11,73,100,2,77,0,0.157,6
5/31/25,0,46800,74.4,84,64.4,6.2,165,2025-05-31T06:23,2025-05-31T20:32,50958.68,11,80,0,66,0,0,0
6/1/25,0.484,45980.88,74.8,85.4,68.6,12.1,155,2025-06-01T06:23,2025-06-01T20:33,51009.16,28,99,0,80,0,0.484,7
6/2/25,0,46800,79.6,90,69.2,15.3,155,2025-06-02T06:22,2025-06-02T20:33,51057.5,32,100,0,77,0,0,0
6/3/25,1.098,35517.07,79.5,88.1,73.1,19.5,178,2025-06-03T06:22,2025-06-03T20:34,51103.65,65,100,14,76,0,1.098,5
6/4/25,0.441,13997.33,71.2,76.9,64.4,15.5,339,2025-06-04T06:22,2025-06-04T20:35,51147.55,76,100,0,80,0,0.441,2
6/5/25,0.772,28800,75.6,85.9,68.2,11.2,118,2025-06-05T06:22,2025-06-05T20:35,51189.14,79,100,4,84,0,0.772,4
6/6/25,0,43200,82.8,91.2,75.5,12.6,181,2025-06-06T06:22,2025-06-06T20:36,51228.37,38,100,0,71,0,0,0
6/7/25,0.016,46800,84,93.3,75.9,15.1,202,2025-06-07T06:22,2025-06-07T20:36,51265.18,29,100,0,66,0,0.016,4
6/8/25,0.795,46800,83.3,92.1,72.7,16.2,187,2025-06-08T06:22,2025-06-08T20:37,51299.53,50,100,7,68,0,0.795,8
6/9/25,1.819,43200,77.2,85.9,69.5,13.4,339,2025-06-09T06:21,2025-06-09T20:37,51331.35,58,100,4,76,0,1.819,8
6/10/25,0.094,18548.45,75.3,82.4,70.7,10.2,145,2025-06-10T06:21,2025-06-10T20:37,51360.6,66,100,1,82,0,0.094,5
6/11/25,0.76,2472.66,72,76.1,69.5,10.6,130,2025-06-11T06:21,2025-06-11T20:38,51387.22,99,100,77,91,0,0.76,13
6/12/25,0.098,28827.37,74.7,82.7,69.5,6.4,163,2025-06-12T06:21,2025-06-12T20:38,51411.16,67,100,0,82,0,0.098,11
6/13/25,0.012,35070.63,77.5,88.9,70.1,12,168,2025-06-13T06:21,2025-06-13T20:39,51432.38,52,100,0,81,0,0.012,2
6/14/25,0.319,43062.65,79.4,88.6,72.8,12,180,2025-06-14T06:21,2025-06-14T20:39,51450.82,63,100,1,80,0,0.319,3
6/15/25,0.394,28822.28,78.4,87,73.4,14,186,2025-06-15T06:22,2025-06-15T20:39,51466.43,62,100,0,83,0,0.394,5
6/16/25,0,46820.64,80.9,92.6,71.1,10.1,191,2025-06-16T06:22,2025-06-16T20:40,51479.2,18,100,0,74,0,0,0
6/17/25,0,46851.59,84.8,94.8,75.8,19.2,183,2025-06-17T06:22,2025-06-17T20:40,51489.25,1,9,0,62,0,0,0
6/18/25,0.035,45118.08,85.3,94.8,76.3,17.9,181,2025-06-18T06:22,2025-06-18T20:40,51496.59,45,100,0,60,0,0.035,4
6/19/25,0.075,46815.86,84.7,94.8,71.2,12.6,192,2025-06-19T06:22,2025-06-19T20:40,51501.23,51,100,5,62,0,0.075,6
6/20/25,0,46814.35,86.4,96.1,77.8,16.1,188,2025-06-20T06:22,2025-06-20T20:41,51503.2,4,17,0,60,0,0,0
6/21/25,0,46812.91,85.8,95.3,76.9,20.4,184,2025-06-21T06:23,2025-06-21T20:41,51502.5,11,84,0,59,0,0,0
6/22/25,0.004,46811.55,84.7,93.3,75.9,17.5,172,2025-06-22T06:23,2025-06-22T20:41,51499.15,10,43,0,59,0,0.004,1
6/23/25,0,46810.3,84.8,94,75.9,14.6,170,2025-06-23T06:23,2025-06-23T20:41,51493.18,27,100,0,61,0,0,0
6/24/25,0.02,46809.16,84.5,94.5,75.9,14,157,2025-06-24T06:23,2025-06-24T20:41,51484.59,8,43,0,61,0,0.02,1
6/25/25,0.031,46800,83,93.8,74.9,12.4,156,2025-06-25T06:24,2025-06-25T20:42,51473.42,24,79,0,64,0,0.031,3
6/26/25,0.004,46807.28,83.9,94.8,74.8,12.6,171,2025-06-26T06:24,2025-06-26T20:42,51459.69,49,98,11,63,0,0.004,1
6/27/25,0,46806.56,84.9,94.7,75.6,12.2,179,2025-06-27T06:24,2025-06-27T20:42,51443.41,75,100,1,61,0,0,0
6/28/25,0,46885.32,86.6,96.8,77.6,13.5,179,2025-06-28T06:25,2025-06-28T20:42,51424.62,37,100,0,56,0,0,0
6/29/25,0,46885.09,86.8,96.4,77.4,14,178,2025-06-29T06:25,2025-06-29T20:42,51403.33,8,52,0,51,0,0,0
6/30/25,0.661,46805.45,85.1,96.7,73.3,14.3,194,2025-06-30T06:26,2025-06-30T20:42,51379.57,53,100,1,62,0,0.661,4
7/1/25,0.012,40724.46,79.1,85.9,72.4,5.7,15,2025-07-01T06:26,2025-07-01T20:42,51353.37,90,100,35,78,0,0.012,1
7/2/25,0.102,40619.45,81.4,87.8,76.2,6.7,98,2025-07-02T06:26,2025-07-02T20:42,51324.75,91,100,40,76,0,0.102,4
7/3/25,0.083,28856.46,78.3,83.3,74.7,14.7,148,2025-07-03T06:27,2025-07-03T20:42,51293.75,90,100,29,81,0,0.083,6
7/4/25,0.382,26102.54,76.9,83.8,73.7,17.7,152,2025-07-04T06:27,2025-07-04T20:42,51260.39,85,100,27,87,0,0.382,18
7/5/25,0.102,25310.25,77.6,87.4,72.7,14.2,145,2025-07-05T06:28,2025-07-05T20:41,51224.69,81,100,20,85,0,0.102,9
7/6/25,0.394,31484.58,77.2,84.5,72.8,11.6,172,2025-07-06T06:28,2025-07-06T20:41,51186.56,77,100,0,85,0,0.394,16
7/7/25,0.079,46809.73,79.1,87,72.4,11.7,179,2025-07-07T06:29,2025-07-07T20:41,51145.66,25,90,0,80,0,0.079,4
7/8/25,0.083,43211.03,79.8,88.2,72.6,12.9,183,2025-07-08T06:29,2025-07-08T20:41,51102.05,34,100,3,79,0,0.083,8
7/9/25,0.114,43152.98,79.3,88.6,73.4,19.2,202,2025-07-09T06:30,2025-07-09T20:41,51055.82,21,99,0,77,0,0.114,3
7/10/25,0,46814.03,82.2,91.7,72.5,13.8,205,2025-07-10T06:30,2025-07-10T20:40,51007.05,5,18,0,66,0,0,0
7/11/25,0,46800,83,91.5,74.4,15.7,184,2025-07-11T06:31,2025-07-11T20:40,50955.82,8,53,0,62,0,0,0
7/12/25,0.583,34739.92,79.9,87.6,74.4,13.7,176,2025-07-12T06:31,2025-07-12T20:40,50902.21,56,100,1,78,0,0.583,11
7/13/25,0.059,25532.06,78.2,86,72.5,13.4,196,2025-07-13T06:32,2025-07-13T20:39,50846.32,99,100,91,77,0,0.059,3
7/14/25,0.059,36000,80.3,91.2,71.3,8.8,209,2025-07-14T06:33,2025-07-14T20:39,50788.21,65,100,6,72,0,0.059,3
7/15/25,0.035,43200,83.5,94.1,75.8,13.1,192,2025-07-15T06:33,2025-07-15T20:39,50727.98,80,100,25,68,0,0.035,2
7/16/25,0.012,46786.39,84.6,94.7,75.9,14.3,175,2025-07-16T06:34,2025-07-16T20:38,50665.71,27,100,0,65,0,0.012,3
7/17/25,0,46751.54,85.9,96.8,75.3,12.2,174,2025-07-17T06:34,2025-07-17T20:38,50601.49,69,100,2,57,0,0,0
7/18/25,0,46745.16,85.9,97.9,75.3,11.9,189,2025-07-18T06:35,2025-07-18T20:37,50535.39,37,99,0,55,0,0,0
7/19/25,0,46680.74,85.3,94.8,76.2,14.2,188,2025-07-19T06:36,2025-07-19T20:37,50467.49,42,100,0,63,0,0,0
7/20/25,0.012,46644.95,86.3,95,78.4,15.2,185,2025-07-20T06:36,2025-07-20T20:36,50397.87,28,99,0,60,0,0.012,1
7/21/25,0,46608.98,86.9,98.9,77,15.8,189,2025-07-21T06:37,2025-07-21T20:36,50326.62,15,100,0,59,0,0,0
7/22/25,0,43327.85,86.1,96.9,76,13.2,182,2025-07-22T06:38,2025-07-22T20:35,50253.81,68,100,1,57,0,0,0
7/23/25,0,46536.8,87.5,97.8,77.9,15.1,175,2025-07-23T06:38,2025-07-23T20:34,50179.52,29,100,0,55,0,0,0
7/24/25,0,46500.71,88.7,100.2,78.5,12.5,178,2025-07-24T06:39,2025-07-24T20:34,50103.83,4,22,0,52,0,0,0
7/25/25,0,45783.07,88.7,99.6,78.7,11.2,178,2025-07-25T06:40,2025-07-25T20:33,50026.81,54,100,0,48,0,0,0
7/26/25,0.154,39228.83,85.9,95.6,77.9,13.8,175,2025-07-26T06:40,2025-07-26T20:33,49948.29,85,100,2,62,0,0.154,4
7/27/25,0.043,46392.57,86.4,95.8,77.9,14.4,187,2025-07-27T06:41,2025-07-27T20:32,49867.65,58,100,1,57,0,0.043,2
7/28/25,0,46355.94,87.4,98.1,77.5,11.7,182,2025-07-28T06:42,2025-07-28T20:31,49784.97,12,70,0,56,0,0,0
7/29/25,0,46318.97,88.5,99.5,77.8,9.3,201,2025-07-29T06:42,2025-07-29T20:30,49700.35,7,53,0,48,0,0,0
7/30/25,0,46281.7,89.3,100.4,77.9,8.8,203,2025-07-30T06:43,2025-07-30T20:30,49613.89,22,94,0,40,0,0,0
7/31/25,0,46244.16,91,104,78.5,11.9,214,2025-07-31T06:44,2025-07-31T20:29,49525.7,13,45,0,34,0,0,0
8/1/25,0.02,33177.91,85.6,95.8,79.2,14.3,53,2025-08-01T06:44,2025-08-01T20:28,49435.88,47,100,0,56,0,0.02,1
8/2/25,0.335,46168.45,84.1,95.6,74.2,14,21,2025-08-02T06:45,2025-08-02T20:27,49344.54,38,100,0,63,0,0.335,6
8/3/25,0,42530.33,85.8,96.6,76.2,9.6,132,2025-08-03T06:46,2025-08-03T20:26,49251.76,38,100,0,59,0,0,0
8/4/25,0.571,43748.75,82.6,93.5,73.1,8.4,95,2025-08-04T06:46,2025-08-04T20:25,49157.64,40,100,0,64,0,0.571,7
8/5/25,0,46035.12,82.2,91.8,72.1,9.9,141,2025-08-05T06:47,2025-08-05T20:25,49062.3,3,77,0,64,0,0,0
8/6/25,0,45944.27,85.6,97.2,74.7,11.3,164,2025-08-06T06:48,2025-08-06T20:24,48965.8,0,3,0,54,0,0,0
8/7/25,0,45852.34,88,100.8,76.9,11.2,186,2025-08-07T06:48,2025-08-07T20:23,48868.26,1,4,0,53,0,0,0
8/8/25,0,45759.4,88.9,100.8,78.3,13.8,182,2025-08-08T06:49,2025-08-08T20:22,48769.76,0,1,0,50,0,0,0
8/9/25,0,45665.54,89,100.1,79.3,14.4,178,2025-08-09T06:50,2025-08-09T20:21,48670.38,15,66,0,49,0,0,0
8/10/25,0,42551.88,87.4,96.7,77.1,13,167,2025-08-10T06:50,2025-08-10T20:20,48570.22,14,87,0,51,0,0,0
8/11/25,0.035,45475.37,86.4,95.4,76.1,9.7,169,2025-08-11T06:51,2025-08-11T20:19,48469.37,29,100,0,54,0,0.035,2
8/12/25,0.488,30539.64,81.4,93.4,76.1,8.1,117,2025-08-12T06:52,2025-08-12T20:18,48367.9,78,100,5,67,0,0.488,5
8/13/25,0.008,41297.8,83.3,94.1,74.3,6.9,162,2025-08-13T06:52,2025-08-13T20:17,48265.91,32,100,3,65,0,0.008,1
8/14/25,0.016,45185.16,86.9,97.6,75.7,11.6,172,2025-08-14T06:53,2025-08-14T20:16,48163.46,24,82,0,59,0,0.016,3
8/15/25,0,45086.9,88.3,98.1,79.3,13.9,174,2025-08-15T06:54,2025-08-15T20:15,48060.37,33,98,0,53,0,0,0
8/16/25,0.016,44987.22,86.4,95,77.9,14.9,171,2025-08-16T06:54,2025-08-16T20:14,47955.91,27,94,0,58,0,0.016,2
8/17/25,0.004,35894.09,86.8,94.2,78.8,11.4,180,2025-08-17T06:55,2025-08-17T20:13,47850.14,56,100,0,57,0,0.004,1
8/18/25,0.008,43923.79,88.6,97.9,80,11,185,2025-08-18T06:56,2025-08-18T20:11,47743.16,55,100,6,51,0,0.008,1
8/19/25,0,44680.43,90.6,102.2,77.8,7.6,142,2025-08-19T06:56,2025-08-19T20:10,47635.05,17,94,0,46,0,0,0
8/20/25,0.26,23574.5,82.2,87.3,74.1,9.9,2,2025-08-20T06:57,2025-08-20T20:09,47525.91,49,100,0,69,0,0.26,3
8/21/25,0,44441.23,84.9,95,76.8,10.5,25,2025-08-21T06:58,2025-08-21T20:08,47415.82,12,43,0,60,0,0,0
8/22/25,0.067,31805.41,82.6,92.3,74.2,8.6,91,2025-08-22T06:58,2025-08-22T20:07,47304.89,34,100,2,61,0,0.067,5
8/23/25,0,44256.36,85.6,98.3,75.2,14.7,358,2025-08-23T06:59,2025-08-23T20:06,47193.19,8,38,0,50,0,0,0
8/24/25,0.004,44148.2,86.5,96.8,75.5,9.4,61,2025-08-24T07:00,2025-08-24T20:04,47080.81,13,78,0,46,0,0.004,1
8/25/25,0,44039.34,87.3,97.7,76.7,11.6,173,2025-08-25T07:00,2025-08-25T20:03,46967.84,54,100,0,43,0,0,0
8/26/25,0,40373.52,83.4,92.7,75.8,12.9,80,2025-08-26T07:01,2025-08-26T20:02,46854.35,61,100,4,52,0,0,0
8/27/25,0.028,43173.5,81.6,94.3,71,11.4,121,2025-08-27T07:02,2025-08-27T20:01,46740.43,17,81,0,61,0,0.028,2
8/28/25,0.177,39327.37,85.2,100.4,77.6,13.5,186,2025-08-28T07:02,2025-08-28T19:59,46626.16,33,99,0,63,0,0.177,5
8/29/25,0.02,41649.33,79.9,91.3,71.8,11.6,42,2025-08-29T07:03,2025-08-29T19:58,46511.62,52,100,2,74,0,0.02,1
8/30/25,0.909,12108.85,77.1,83.3,72.1,8.3,69,2025-08-30T07:04,2025-08-30T19:57,46396.88,90,100,14,82,0,0.909,10
8/31/25,0.65,28401.18,76.7,84.1,72.3,11.9,57,2025-08-31T07:04,2025-08-31T19:56,46282.03,67,100,21,85,0,0.65,14
9/1/25,0.075,40626.97,78.4,88.3,71.4,9.3,33,2025-09-01T07:05,2025-09-01T19:54,46167.13,41,100,0,75,0,0.075,5
9/2/25,0.02,41925.61,80.6,91.1,70.4,10.2,355,2025-09-02T07:06,2025-09-02T19:53,46052.27,19,96,0,65,0,0.02,3
9/3/25,0,43040.59,81,92.1,69.8,10.9,347,2025-09-03T07:06,2025-09-03T19:52,45937.51,12,92,0,52,0,0,0
9/4/25,0,42780.31,87,103.2,71.7,13.2,230,2025-09-04T07:07,2025-09-04T19:51,45822.64,10,78,0,34,0,0,0
9/5/25,0.008,26273.72,87.8,101.2,76,13,210,2025-09-05T07:08,2025-09-05T19:49,45706.95,94,100,47,37,0,0.008,2
9/6/25,0.126,22324.59,71.8,80.3,63.6,14.5,21,2025-09-06T07:08,2025-09-06T19:48,45590.44,73,100,0,74,0,0.126,8
9/7/25,0.051,30587.43,74.5,82.3,68.8,9.5,80,2025-09-07T07:09,2025-09-07T19:47,45473.21,60,100,0,72,0,0.051,6
9/8/25,0,41679.45,74.2,84.2,64.9,9,117,2025-09-08T07:09,2025-09-08T19:45,45355.34,6,100,0,56,0,0,0
9/9/25,0,41448.97,76.3,89.6,63.6,10.5,148,2025-09-09T07:10,2025-09-09T19:44,45236.9,18,100,0,50,0,0,0
9/10/25,0,41438.39,79.1,92.2,66.7,9.3,160,2025-09-10T07:11,2025-09-10T19:43,45117.98,0,3,0,46,0,0,0
9/11/25,0,41137.83,81.2,94.1,68,10.6,180,2025-09-11T07:11,2025-09-11T19:41,44998.64,0,0,0,47,0,0,0
9/12/25,0,40855.64,83.1,94.4,72.3,10.6,187,2025-09-12T07:12,2025-09-12T19:40,44878.96,9,67,0,53,0,0,0
9/13/25,0,40566.56,82.8,92.6,73.1,13.6,173,2025-09-13T07:13,2025-09-13T19:39,44759.03,51,100,0,50,0,0,0
9/14/25,0,40310.41,83.8,94.5,72.6,13.5,183,2025-09-14T07:13,2025-09-14T19:37,44638.91,60,100,8,42,0,0,0
9/15/25,0.012,39915.04,83.3,92.9,73.3,10.2,169,2025-09-15T07:14,2025-09-15T19:36,44518.67,17,40,2,50,0,0.012,3
9/16/25,0,40324.65,83.6,93.8,72.6,9.6,193,2025-09-16T07:15,2025-09-16T19:34,44398.39,6,31,0,45,0,0,0
9/17/25,0.004,40290.65,83.6,93.8,73.4,9.3,204,2025-09-17T07:15,2025-09-17T19:33,44278.15,36,100,0,44,0,0.004,1
9/18/25,0.004,40191.22,84,94,72.6,7.6,200,2025-09-18T07:16,2025-09-18T19:32,44158.01,18,93,0,46,0,0.004,1
9/19/25,0.075,40005.34,82,93.3,74.1,11.8,161,2025-09-19T07:16,2025-09-19T19:30,44038.05,58,100,0,54,0,0.075,5
9/20/25,0,40090.21,83.2,94,72.6,11.6,177,2025-09-20T07:17,2025-09-20T19:29,43918.33,19,59,0,50,0,0,0
9/21/25,0.567,34671.16,81.4,94,73.5,13.6,171,2025-09-21T07:18,2025-09-21T19:28,43798.94,38,96,1,60,0,0.567,4
9/22/25,0.016,39660.97,81.5,91,74.2,13.9,171,2025-09-22T07:18,2025-09-22T19:26,43679.93,12,59,0,69,0,0.016,2
9/23/25,0.004,39909.28,84.6,95.8,75.7,16.2,197,2025-09-23T07:19,2025-09-23T19:25,43561.39,21,100,0,63,0,0.004,1
9/24/25,0.39,26895.82,76.9,84.5,70.6,12.3,348,2025-09-24T07:20,2025-09-24T19:24,43443.1,41,100,0,72,0,0.39,5
9/25/25,0,39749.79,75.6,86.3,66.9,13.7,340,2025-09-25T07:20,2025-09-25T19:22,43324.28,15,100,0,57,0,0,0
9/26/25,0,39667.86,77.1,88.9,65.8,7.9,232,2025-09-26T07:21,2025-09-26T19:21,43204.97,2,12,0,45,0,0,0
9/27/25,0,39656.85,77.4,89.8,65.3,7.8,145,2025-09-27T07:22,2025-09-27T19:20,43085.25,27,99,0,46,0,0,0
9/28/25,0,39501.36,76.8,86.6,64.6,7.6,128,2025-09-28T07:22,2025-09-28T19:18,42965.19,56,100,0,49,0,0,0