date,weekday,sales,precipitation_sum,sunshine_duration,temperature_2m_max,temperature_2m_mean,temperature_2m_min,wind_direction_10m_dominant,wind_speed_10m_max,sunrise,sunset,daylight_duration,cloud_cover_mean,cloud_cover_max,cloud_cover_min,relative_humidity_2m_mean,snowfall_sum,rain_sum,precipitation_hours
2024-09-16,Mon,3784.21,0.0,40229.09,90.4,80.0,69.9,82,7.2,2024-09-16 07:15:00,2024-09-16 19:34:00,44374.82,4,29,0,63,0.0,0.0,0
2024-09-17,Tue,4692.16,0.0,40195.77,90.7,80.5,70.2,109,9.3,2024-09-17 07:15:00,2024-09-17 19:33:00,44254.3,6,35,0,62,0.0,0.0,0
2024-09-18,Wed,7147.38,0.0,40098.59,93.0,82.7,72.5,155,10.5,2024-09-18 07:16:00,2024-09-18 19:31:00,44133.62,6,25,0,58,0.0,0.0,0
2024-09-19,Thu,7005.34,0.0,40094.13,96.8,86.2,76.9,175,10.6,2024-09-19 07:17:00,2024-09-19 19:30:00,44012.82,1,6,0,52,0.0,0.0,0
2024-09-20,Fri,11925.72,0.0,40089.15,96.8,86.3,76.5,182,10.7,2024-09-20 07:17:00,2024-09-20 19:29:00,43892.0,25,99,0,51,0.0,0.0,0
2024-09-21,Sat,11862.39,0.0,39998.35,94.0,85.2,76.9,176,12.7,2024-09-21 07:18:00,2024-09-21 19:27:00,43771.23,49,100,0,52,0.0,0.0,0
2024-09-22,Sun,9080.05,0.0,36311.21,93.7,83.5,75.5,178,10.8,2024-09-22 07:19:00,2024-09-22 19:26:00,43650.56,41,100,0,54,0.0,0.0,0
2024-09-23,Mon,3647.84,0.256,21176.37,81.8,75.1,69.3,305,12.7,2024-09-23 07:19:00,2024-09-23 19:25:00,43530.09,72,100,0,76,0.0,0.256,5
2024-09-24,Tue,4507.15,0.0,39803.29,88.1,75.4,64.3,222,6.5,2024-09-24 07:20:00,2024-09-24 19:23:00,43409.88,13,93,0,71,0.0,0.0,0
2024-09-25,Wed,5636.52,0.142,37928.32,81.3,74.1,68.0,20,14.7,2024-09-25 07:20:00,2024-09-25 19:22:00,43290.0,23,100,0,65,0.0,0.142,2
2024-09-26,Thu,5460.06,0.0,39713.26,81.3,71.3,60.8,9,7.3,2024-09-26 07:21:00,2024-09-26 19:21:00,43170.54,0,0,0,57,0.0,0.0,0
2024-09-27,Fri,10593.95,0.0,39628.95,84.2,73.2,62.3,348,8.8,2024-09-27 07:22:00,2024-09-27 19:19:00,43051.55,0,0,0,54,0.0,0.0,0
2024-09-28,Sat,12062.95,0.0,39475.87,87.1,75.1,65.4,342,11.8,2024-09-28 07:22:00,2024-09-28 19:18:00,42933.12,4,89,0,47,0.0,0.0,0
2024-09-29,Sun,8346.17,0.0,39178.02,86.9,75.1,64.6,352,7.1,2024-09-29 07:23:00,2024-09-29 19:17:00,42815.02,43,100,0,47,0.0,0.0,0
2024-09-30,Mon,3266.06,0.0,39247.23,91.2,78.5,65.9,222,7.5,2024-09-30 07:24:00,2024-09-30 19:15:00,42696.46,0,0,0,47,0.0,0.0,0
2024-10-01,Tue,4035.43,0.0,39165.92,90.5,79.3,67.5,34,12.7,2024-10-01 07:25:00,2024-10-01 19:14:00,42577.48,0,1,0,45,0.0,0.0,0
2024-10-02,Wed,5399.61,0.0,39026.18,89.5,77.3,66.2,64,6.7,2024-10-02 07:25:00,2024-10-02 19:13:00,42458.17,0,0,0,44,0.0,0.0,0
2024-10-03,Thu,9285.25,0.0,38891.77,93.8,81.2,69.8,163,10.5,2024-10-03 07:26:00,2024-10-03 19:11:00,42338.6,2,21,0,48,0.0,0.0,0
2024-10-04,Fri,12563.67,0.0,38814.39,90.4,78.9,70.1,99,11.3,2024-10-04 07:27:00,2024-10-04 19:10:00,42218.86,10,64,0,47,0.0,0.0,0
2024-10-05,Sat,10817.15,0.0,38736.53,88.2,77.8,69.0,110,6.5,2024-10-05 07:27:00,2024-10-05 19:09:00,42099.02,7,36,0,47,0.0,0.0,0
2024-10-06,Sun,9443.91,0.0,38622.34,88.4,77.6,67.9,88,8.5,2024-10-06 07:28:00,2024-10-06 19:07:00,41979.16,2,26,0,59,0.0,0.0,0
2024-10-07,Mon,3685.76,0.0,38543.3,89.0,78.0,68.3,22,7.8,2024-10-07 07:29:00,2024-10-07 19:06:00,41859.39,0,0,0,50,0.0,0.0,0
2024-10-08,Tue,4554.0,0.0,38464.65,86.1,75.2,64.7,87,6.8,2024-10-08 07:29:00,2024-10-08 19:05:00,41739.77,0,0,0,46,0.0,0.0,0
2024-10-09,Wed,6372.17,0.0,38386.46,88.5,76.0,64.6,155,7.6,2024-10-09 07:30:00,2024-10-09 19:04:00,41620.38,0,6,0,37,0.0,0.0,0
2024-10-10,Thu,8290.6,0.0,38308.87,91.4,78.3,66.8,153,10.1,2024-10-10 07:31:00,2024-10-10 19:02:00,41501.33,2,13,0,39,0.0,0.0,0
2024-10-11,Fri,11982.36,0.0,33768.21,89.6,78.8,68.7,163,13.4,2024-10-11 07:32:00,2024-10-11 19:01:00,41382.68,20,100,0,34,0.0,0.0,0
2024-10-12,Sat,11056.12,0.0,38155.79,97.7,82.4,70.2,207,13.7,2024-10-12 07:32:00,2024-10-12 19:00:00,41264.53,5,30,0,30,0.0,0.0,0
2024-10-13,Sun,8570.73,0.0,38080.52,98.1,83.7,74.1,258,15.2,2024-10-13 07:33:00,2024-10-13 18:59:00,41146.97,2,27,0,25,0.0,0.0,0
2024-10-14,Mon,3589.74,0.0,38006.23,81.3,72.9,64.4,36,12.4,2024-10-14 07:34:00,2024-10-14 18:57:00,41030.08,12,61,0,33,0.0,0.0,0
2024-10-15,Tue,4435.37,0.0,37933.04,95.1,76.8,63.2,349,17.9,2024-10-15 07:34:00,2024-10-15 18:56:00,40913.95,1,19,0,37,0.0,0.0,0
2024-10-16,Wed,8280.98,0.0,37861.02,68.0,60.1,51.9,70,21.3,2024-10-16 07:35:00,2024-10-16 18:55:00,40798.68,7,85,0,31,0.0,0.0,0
2024-10-17,Thu,5820.07,0.0,37746.73,71.3,59.8,48.5,138,11.2,2024-10-17 07:36:00,2024-10-17 18:54:00,40684.36,1,13,0,35,0.0,0.0,0
2024-10-18,Fri,11618.91,0.0,37628.96,77.9,66.3,55.4,146,13.1,2024-10-18 07:37:00,2024-10-18 18:53:00,40571.08,17,100,0,39,0.0,0.0,0
2024-10-19,Sat,12436.43,0.0,37511.58,78.0,67.4,58.1,118,10.2,2024-10-19 07:38:00,2024-10-19 18:52:00,40458.6,1,7,0,40,0.0,0.0,0
2024-10-20,Sun,8119.78,0.0,37393.93,80.6,67.0,54.7,118,8.0,2024-10-20 07:38:00,2024-10-20 18:51:00,40346.05,0,0,0,50,0.0,0.0,0
2024-10-21,Mon,3590.07,0.0,37276.1,82.6,69.9,57.1,166,13.4,2024-10-21 07:39:00,2024-10-21 18:50:00,40233.49,4,29,0,45,0.0,0.0,0
2024-10-22,Tue,4435.77,0.0,36879.8,88.3,76.4,66.1,191,12.6,2024-10-22 07:40:00,2024-10-22 18:48:00,40120.99,2,22,0,58,0.0,0.0,0
2024-10-23,Wed,7506.28,0.0,36704.74,91.7,79.4,68.2,191,12.1,2024-10-23 07:41:00,2024-10-23 18:47:00,40008.66,3,21,0,55,0.0,0.0,0
2024-10-24,Thu,7073.72,0.0,36731.86,89.6,78.8,67.6,191,14.9,2024-10-24 07:42:00,2024-10-24 18:46:00,39896.6,1,15,0,49,0.0,0.0,0
2024-10-25,Fri,13182.4,0.0,36558.46,89.6,78.2,68.4,210,15.0,2024-10-25 07:42:00,2024-10-25 18:45:00,39784.91,8,63,0,49,0.0,0.0,0
2024-10-26,Sat,11153.04,0.0,36296.74,81.5,72.5,64.3,344,8.6,2024-10-26 07:43:00,2024-10-26 18:44:00,39673.69,9,53,0,55,0.0,0.0,0
2024-10-27,Sun,9084.28,0.0,36135.55,88.1,74.7,62.0,151,8.7,2024-10-27 07:44:00,2024-10-27 18:43:00,39563.04,2,11,0,55,0.0,0.0,0
2024-10-28,Mon,3723.78,0.0,35807.68,88.5,79.5,70.0,183,17.9,2024-10-28 07:45:00,2024-10-28 18:42:00,39453.07,18,100,0,46,0.0,0.0,0
2024-10-29,Tue,4600.98,0.016,35745.87,85.2,77.7,71.6,173,22.6,2024-10-29 07:46:00,2024-10-29 18:41:00,39343.89,36,100,0,63,0.0,0.016,4
2024-10-30,Wed,8472.88,0.047,34905.88,88.4,78.5,72.3,180,21.0,2024-10-30 07:47:00,2024-10-30 18:40:00,39235.61,58,100,13,66,0.0,0.047,7
2024-10-31,Thu,7621.43,0.476,35692.46,78.1,66.7,56.3,357,15.0,2024-10-31 07:47:00,2024-10-31 18:39:00,39128.34,19,100,0,63,0.0,0.476,2
2024-11-01,Fri,13267.53,0.098,2515.62,72.5,63.5,57.9,72,9.6,2024-11-01 07:48:00,2024-11-01 18:39:00,39022.18,76,100,6,80,0.0,0.098,5
2024-11-02,Sat,12080.16,0.02,7167.85,79.7,70.6,65.3,138,13.2,2024-11-02 07:49:00,2024-11-02 18:38:00,38917.25,80,100,21,83,0.0,0.02,4
2024-11-03,Sun,8777.83,1.524,8394.65,76.2,72.2,67.9,173,17.5,2024-11-03 07:50:00,2024-11-03 18:37:00,38813.68,83,100,2,85,0.0,1.524,14
2024-11-04,Mon,3896.01,0.811,11240.24,77.2,70.6,63.8,187,23.5,2024-11-04 07:51:00,2024-11-04 18:36:00,38711.58,77,100,2,82,0.0,0.811,12
2024-11-05,Tue,4813.78,0.11,29725.14,65.2,61.0,54.9,264,11.8,2024-11-05 07:52:00,2024-11-05 18:35:00,38611.07,44,100,0,66,0.0,0.11,3
2024-11-06,Wed,7107.97,0.0,35042.05,69.8,58.5,47.7,125,9.0,2024-11-06 07:53:00,2024-11-06 18:34:00,38512.27,0,0,0,70,0.0,0.0,0
2024-11-07,Thu,6837.13,0.043,8741.33,71.4,62.9,54.5,78,13.7,2024-11-07 07:53:00,2024-11-07 18:34:00,38415.31,66,100,0,88,0.0,0.043,4
2024-11-08,Fri,12566.16,0.457,12403.39,75.6,67.7,59.7,137,14.6,2024-11-08 07:54:00,2024-11-08 18:33:00,38319.96,94,100,1,88,0.0,0.457,15
2024-11-09,Sat,10643.97,0.0,34771.04,69.7,58.0,46.2,265,7.1,2024-11-09 07:55:00,2024-11-09 18:32:00,38225.33,0,0,0,62,0.0,0.0,0
2024-11-10,Sun,9749.63,0.0,34675.8,74.3,62.1,52.6,265,7.5,2024-11-10 07:56:00,2024-11-10 18:32:00,38131.46,0,0,0,63,0.0,0.0,0
2024-11-11,Mon,3638.84,0.0,34620.66,72.2,61.1,50.4,40,6.9,2024-11-11 07:57:00,2024-11-11 18:31:00,38038.46,36,100,0,63,0.0,0.0,0
2024-11-12,Tue,4496.03,0.0,34559.75,71.4,61.0,51.2,132,11.2,2024-11-12 07:58:00,2024-11-12 18:30:00,37946.45,45,96,0,70,0.0,0.0,0
2024-11-13,Wed,7633.45,0.0,34507.41,70.7,63.7,58.1,275,16.7,2024-11-13 07:59:00,2024-11-13 18:30:00,37855.52,28,100,0,60,0.0,0.0,0
2024-11-14,Thu,7410.67,0.0,34449.54,67.3,57.2,45.7,323,6.4,2024-11-14 08:00:00,2024-11-14 18:29:00,37765.79,0,0,0,53,0.0,0.0,0
2024-11-15,Fri,11344.54,0.0,34384.34,68.9,57.2,43.7,150,10.9,2024-11-15 08:01:00,2024-11-15 18:29:00,37677.36,0,0,0,49,0.0,0.0,0
2024-11-16,Sat,10908.27,0.0,34325.59,75.2,63.3,51.9,162,15.8,2024-11-16 08:02:00,2024-11-16 18:28:00,37590.36,59,100,0,65,0.0,0.0,0
2024-11-17,Sun,10190.2,0.024,31378.53,79.5,69.2,61.6,150,13.0,2024-11-17 08:02:00,2024-11-17 18:27:00,37504.9,80,100,8,80,0.0,0.024,2
2024-11-18,Mon,3684.01,0.346,28800.0,71.9,68.0,60.8,200,28.6,2024-11-18 08:03:00,2024-11-18 18:27:00,37421.1,48,100,0,66,0.0,0.346,10
2024-11-19,Tue,4551.84,0.0,34149.73,71.1,61.3,52.0,278,15.3,2024-11-19 08:04:00,2024-11-19 18:27:00,37339.07,0,0,0,52,0.0,0.0,0
2024-11-20,Wed,5806.37,0.0,34091.54,60.8,52.6,44.9,346,16.7,2024-11-20 08:05:00,2024-11-20 18:26:00,37258.95,0,0,0,43,0.0,0.0,0
2024-11-21,Thu,7150.69,0.0,34023.93,66.3,52.4,39.3,280,8.8,2024-11-21 08:06:00,2024-11-21 18:26:00,37180.84,0,0,0,47,0.0,0.0,0
2024-11-22,Fri,12202.51,0.0,33941.41,63.3,52.3,41.4,71,5.9,2024-11-22 08:07:00,2024-11-22 18:25:00,37104.88,41,100,0,58,0.0,0.0,0
2024-11-23,Sat,9710.68,0.0,33861.29,75.1,59.3,45.3,175,15.7,2024-11-23 08:08:00,2024-11-23 18:25:00,37031.19,5,57,0,46,0.0,0.0,0
2024-11-24,Sun,10168.29,0.0,32971.64,82.0,68.2,57.6,196,20.3,2024-11-24 08:09:00,2024-11-24 18:25:00,36959.89,29,99,0,62,0.0,0.0,0
2024-11-25,Mon,3494.05,0.0,33708.83,68.4,57.3,46.8,316,19.8,2024-11-25 08:10:00,2024-11-25 18:24:00,36891.12,58,100,0,62,0.0,0.0,0
2024-11-26,Tue,4317.14,0.0,32957.9,59.3,48.7,36.6,150,12.0,2024-11-26 08:11:00,2024-11-26 18:24:00,36825.0,46,100,0,52,0.0,0.0,0
2024-11-27,Wed,11374.92,0.0,33034.91,85.2,64.0,53.6,249,20.8,2024-11-27 08:11:00,2024-11-27 18:24:00,36761.66,86,100,45,54,0.0,0.0,0
2024-11-28,Thu,6097.66,0.0,15900.01,52.0,46.7,42.8,5,17.4,2024-11-28 08:12:00,2024-11-28 18:24:00,36700.96,92,100,30,51,0.0,0.0,0
2024-11-29,Fri,11976.09,0.0,33175.41,52.0,43.9,36.2,56,8.8,2024-11-29 08:13:00,2024-11-29 18:24:00,36642.21,50,100,0,48,0.0,0.0,0
2024-11-30,Sat,9730.84,0.0,32682.69,62.1,47.6,36.1,197,11.4,2024-11-30 08:14:00,2024-11-30 18:24:00,36585.45,36,99,0,46,0.0,0.0,0
2024-12-01,Sun,6873.84,0.0,33116.55,60.2,47.9,35.7,39,6.8,2024-12-01 08:15:00,2024-12-01 18:23:00,36530.75,0,0,0,55,0.0,0.0,0
2024-12-02,Mon,3572.78,0.0,33001.72,62.3,50.3,38.0,37,4.7,2024-12-02 08:16:00,2024-12-02 18:23:00,36478.17,2,27,0,49,0.0,0.0,0
2024-12-03,Tue,4414.41,0.0,32893.9,59.9,49.0,36.5,89,7.9,2024-12-03 08:16:00,2024-12-03 18:23:00,36427.79,21,100,0,56,0.0,0.0,0
2024-12-04,Wed,4442.78,0.886,75.25,59.2,53.7,49.4,188,12.1,2024-12-04 08:17:00,2024-12-04 18:23:00,36379.69,94,100,19,77,0.0,0.886,7
2024-12-05,Thu,6163.21,0.0,32220.21,53.8,48.0,41.5,24,12.7,2024-12-05 08:18:00,2024-12-05 18:23:00,36333.93,70,100,0,66,0.0,0.0,0
2024-12-06,Fri,10887.01,0.02,29191.52,48.7,41.5,33.5,62,7.6,2024-12-06 08:19:00,2024-12-06 18:24:00,36290.59,47,100,0,54,0.0,0.02,1
2024-12-07,Sat,8927.98,0.752,6593.94,48.9,45.8,43.3,176,9.9,2024-12-07 08:20:00,2024-12-07 18:24:00,36249.73,96,100,47,76,0.0,0.752,13
2024-12-08,Sun,8747.26,0.114,30001.62,65.8,52.7,45.0,201,13.3,2024-12-08 08:20:00,2024-12-08 18:24:00,36211.44,55,100,0,82,0.0,0.114,3
2024-12-09,Mon,3038.64,0.0,32531.08,69.4,56.6,49.6,251,12.7,2024-12-09 08:21:00,2024-12-09 18:24:00,36175.77,0,11,0,65,0.0,0.0,0
2024-12-10,Tue,3754.44,0.0,21757.5,50.9,45.1,39.9,339,18.2,2024-12-10 08:22:00,2024-12-10 18:24:00,36142.82,36,100,0,63,0.0,0.0,0
2024-12-11,Wed,5613.75,0.0,32473.4,57.4,45.1,34.7,257,11.2,2024-12-11 08:23:00,2024-12-11 18:24:00,36112.64,9,70,0,46,0.0,0.0,0
2024-12-12,Thu,7168.86,0.0,29093.9,59.2,49.6,40.2,187,16.3,2024-12-12 08:23:00,2024-12-12 18:25:00,36085.3,81,100,1,40,0.0,0.0,0
2024-12-13,Fri,10712.17,0.02,4418.4,62.3,56.1,50.8,162,18.4,2024-12-13 08:24:00,2024-12-13 18:25:00,36060.88,98,100,64,79,0.0,0.02,4
2024-12-14,Sat,12213.6,0.031,32310.36,68.8,62.0,54.4,232,14.2,2024-12-14 08:25:00,2024-12-14 18:25:00,36039.43,33,100,0,68,0.0,0.031,4
2024-12-15,Sun,5734.78,0.043,21951.18,76.4,63.3,51.7,180,16.1,2024-12-15 08:25:00,2024-12-15 18:26:00,36021.04,69,100,0,75,0.0,0.043,5
2024-12-16,Mon,3215.13,0.256,24423.62,74.4,67.0,59.8,215,16.8,2024-12-16 08:26:00,2024-12-16 18:26:00,36005.76,68,100,5,84,0.0,0.256,12
2024-12-17,Tue,3972.5,0.02,31669.91,75.3,62.1,52.7,215,12.8,2024-12-17 08:26:00,2024-12-17 18:26:00,35993.66,30,100,0,68,0.0,0.02,3
2024-12-18,Wed,6600.76,0.083,32392.98,64.0,53.4,44.1,342,19.5,2024-12-18 08:27:00,2024-12-18 18:27:00,35984.75,24,100,0,60,0.0,0.083,1
2024-12-19,Thu,7740.95,0.0,32436.05,60.8,46.9,33.4,193,9.3,2024-12-19 08:27:00,2024-12-19 18:27:00,35978.88,11,99,0,65,0.0,0.0,0
2024-12-20,Fri,12088.01,0.0,32433.94,54.4,46.6,41.4,6,12.1,2024-12-20 08:28:00,2024-12-20 18:27:00,35976.01,3,42,0,54,0.0,0.0,0
2024-12-21,Sat,11679.97,0.0,32406.84,53.8,42.2,31.4,124,9.3,2024-12-21 08:28:00,2024-12-21 18:28:00,35976.13,0,4,0,65,0.0,0.0,0
2024-12-22,Sun,10551.91,0.0,32400.0,63.5,51.0,40.7,166,14.7,2024-12-22 08:29:00,2024-12-22 18:29:00,35979.2,20,100,0,62,0.0,0.0,0
2024-12-23,Mon,3775.13,0.004,12351.17,67.8,60.0,53.6,168,18.4,2024-12-23 08:29:00,2024-12-23 18:29:00,35985.2,66,100,6,77,0.0,0.004,1
2024-12-24,Tue,4664.42,0.776,121.69,65.2,59.9,53.6,238,13.8,2024-12-24 08:30:00,2024-12-24 18:30:00,35994.11,94,100,39,86,0.0,0.776,12
2024-12-25,Wed,4967.63,0.0,2825.31,58.5,54.0,51.2,7,9.8,2024-12-25 08:30:00,2024-12-25 18:30:00,36005.88,99,100,87,81,0.0,0.0,0
2024-12-26,Thu,5763.07,0.642,15683.3,62.6,55.2,52.2,338,14.6,2024-12-26 08:31:00,2024-12-26 18:31:00,36020.5,73,100,1,91,0.0,0.642,8
2024-12-27,Fri,11372.49,0.0,32400.0,69.7,56.1,47.1,226,16.1,2024-12-27 08:31:00,2024-12-27 18:32:00,36037.93,58,100,0,69,0.0,0.0,0
2024-12-28,Sat,11099.48,0.012,22731.33,69.6,60.5,52.2,225,10.7,2024-12-28 08:31:00,2024-12-28 18:32:00,36058.14,67,100,0,64,0.0,0.012,1
2024-12-29,Sun,10323.64,0.0,32440.18,69.3,56.4,45.3,220,10.2,2024-12-29 08:32:00,2024-12-29 18:33:00,36081.1,51,100,0,77,0.0,0.0,0
2024-12-30,Mon,3376.74,0.0,32483.59,76.8,61.8,53.8,240,18.1,2024-12-30 08:32:00,2024-12-30 18:34:00,36106.76,11,64,0,44,0.0,0.0,0
2024-12-31,Tue,4172.18,0.0,32487.92,56.8,50.7,44.3,352,14.1,2024-12-31 08:32:00,2024-12-31 18:34:00,36135.1,15,93,0,49,0.0,0.0,0
2025-01-01,Wed,8341.31,0.0,32491.55,48.3,42.3,36.5,30,8.2,2025-01-01 08:32:00,2025-01-01 18:35:00,36166.09,36,100,0,72,0.0,0.0,0
2025-01-02,Thu,6958.91,0.0,32544.88,60.0,46.1,34.4,172,9.3,2025-01-02 08:32:00,2025-01-02 18:36:00,36199.67,5,40,0,72,0.0,0.0,0
2025-01-03,Fri,9233.51,0.0,31645.03,59.0,49.8,40.4,80,7.4,2025-01-03 08:33:00,2025-01-03 18:37:00,36235.81,29,100,0,82,0.0,0.0,0
2025-01-04,Sat,8524.92,0.008,7815.08,65.2,59.2,53.4,164,18.6,2025-01-04 08:33:00,2025-01-04 18:37:00,36274.49,98,100,82,84,0.0,0.008,2
2025-01-05,Sun,6302.4,0.012,32672.85,65.4,47.2,26.9,295,23.6,2025-01-05 08:33:00,2025-01-05 18:38:00,36315.65,39,100,0,61,0.0,0.012,1
2025-01-06,Mon,3053.6,0.0,32477.5,36.8,28.8,20.4,342,17.9,2025-01-06 08:33:00,2025-01-06 18:39:00,36359.26,25,100,0,44,0.0,0.0,0
2025-01-07,Tue,3772.92,0.0,27174.52,36.7,30.2,23.3,13,10.5,2025-01-07 08:33:00,2025-01-07 18:40:00,36405.47,74,100,0,48,0.0,0.0,0
2025-01-08,Wed,5588.14,0.0,19484.4,39.2,31.5,25.2,1,11.1,2025-01-08 08:33:00,2025-01-08 18:41:00,36454.76,62,100,0,49,0.0,0.0,0
2025-01-09,Thu,356.58,1.063,0.0,33.1,31.8,30.1,94,8.1,2025-01-09 08:33:00,2025-01-09 18:41:00,36507.04,98,100,64,83,6.311,0.161,17
2025-01-10,Fri,7689.9,0.039,15157.66,34.5,31.9,28.9,326,15.8,2025-01-10 08:33:00,2025-01-10 18:42:00,36562.2,68,100,0,90,0.276,0.0,3
2025-01-11,Sat,9346.28,0.0,33170.96,44.8,34.1,24.8,204,12.6,2025-01-11 08:33:00,2025-01-11 18:43:00,36620.14,0,0,0,69,0.0,0.0,0
2025-01-12,Sun,6590.18,0.0,33104.17,50.5,41.4,33.1,311,15.9,2025-01-12 08:33:00,2025-01-12 18:44:00,36680.71,4,24,0,65,0.0,0.0,0
2025-01-13,Mon,2294.1,0.0,33305.77,46.4,37.0,27.5,19,10.4,2025-01-13 08:32:00,2025-01-13 18:45:00,36743.83,18,99,0,57,0.0,0.0,0
2025-01-14,Tue,2834.51,0.0,33328.43,52.5,40.0,28.7,157,6.2,2025-01-14 08:32:00,2025-01-14 18:46:00,36809.38,38,100,0,56,0.0,0.0,0
2025-01-15,Wed,4921.26,0.0,33448.16,58.2,43.9,33.0,322,5.3,2025-01-15 08:32:00,2025-01-15 18:47:00,36877.23,15,98,0,57,0.0,0.0,0
2025-01-16,Thu,5042.84,0.0,33710.86,60.9,46.3,34.5,243,10.2,2025-01-16 08:32:00,2025-01-16 18:48:00,36947.29,50,100,0,53,0.0,0.0,0
2025-01-17,Fri,11640.52,0.016,23729.11,67.1,54.7,44.6,200,19.7,2025-01-17 08:31:00,2025-01-17 18:49:00,37019.43,57,100,0,43,0.0,0.016,1
2025-01-18,Sat,14538.08,0.0,33830.66,62.0,43.0,30.2,342,20.6,2025-01-18 08:31:00,2025-01-18 18:49:00,37093.57,0,0,0,45,0.0,0.0,0
2025-01-19,Sun,8809.45,0.004,33890.99,32.9,26.8,21.0,359,20.3,2025-01-19 08:31:00,2025-01-19 18:50:00,37169.57,23,100,0,39,0.028,0.0,1
2025-01-20,Mon,3487.35,0.0,30929.21,34.2,27.3,21.2,72,9.9,2025-01-20 08:31:00,2025-01-20 18:51:00,37247.34,44,100,0,37,0.0,0.0,0
2025-01-21,Tue,4308.86,0.0,34012.01,30.8,25.8,20.7,10,14.1,2025-01-21 08:30:00,2025-01-21 18:52:00,37326.77,38,100,0,45,0.0,0.0,0
2025-01-22,Wed,5474.98,0.0,34079.1,49.6,33.7,23.2,211,16.2,2025-01-22 08:30:00,2025-01-22 18:53:00,37407.75,10,88,0,43,0.0,0.0,0
2025-01-23,Thu,6186.13,0.0,34138.99,47.3,35.9,28.4,332,11.5,2025-01-23 08:29:00,2025-01-23 18:54:00,37490.19,12,91,0,45,0.0,0.0,0
2025-01-24,Fri,10421.87,0.0,34198.3,54.1,39.4,25.4,217,16.1,2025-01-24 08:29:00,2025-01-24 18:55:00,37573.98,0,0,0,37,0.0,0.0,0
2025-01-25,Sat,14581.18,0.0,34252.48,63.4,48.2,36.8,186,16.9,2025-01-25 08:28:00,2025-01-25 18:56:00,37659.02,58,100,1,47,0.0,0.0,0
2025-01-26,Sun,5891.98,0.106,0.0,49.1,45.3,41.8,346,10.7,2025-01-26 08:28:00,2025-01-26 18:57:00,37745.21,88,100,13,74,0.0,0.106,6
2025-01-27,Mon,3301.47,0.0,30770.79,50.3,40.4,29.5,4,11.0,2025-01-27 08:27:00,2025-01-27 18:58:00,37832.79,71,100,16,48,0.0,0.0,0
2025-01-28,Tue,4079.19,0.0,6053.43,58.6,51.3,45.3,186,6.6,2025-01-28 08:27:00,2025-01-28 18:59:00,37922.6,100,100,99,59,0.0,0.0,0
2025-01-29,Wed,5190.33,2.165,1253.87,62.8,55.8,52.0,149,11.3,2025-01-29 08:26:00,2025-01-29 19:00:00,38014.57,98,100,85,92,0.0,2.165,17
2025-01-30,Thu,6566.97,0.61,27349.8,68.8,59.0,52.9,269,14.6,2025-01-30 08:26:00,2025-01-30 19:01:00,38108.57,56,100,0,66,0.0,0.61,9
2025-01-31,Fri,11606.35,0.0,34647.82,64.2,53.2,45.6,283,18.2,2025-01-31 08:25:00,2025-01-31 19:02:00,38204.45,0,2,0,43,0.0,0.0,0
2025-02-01,Sat,14599.52,0.0,34815.06,69.3,54.0,39.4,180,16.0,2025-02-01 08:24:00,2025-02-01 19:03:00,38302.09,2,50,0,42,0.0,0.0,0
2025-02-02,Sun,9590.37,0.0,34937.67,76.5,61.7,50.6,203,16.1,2025-02-02 08:23:00,2025-02-02 19:04:00,38401.37,2,24,0,43,0.0,0.0,0
2025-02-03,Mon,3689.17,0.0,34943.79,82.8,67.8,57.5,200,16.7,2025-02-03 08:23:00,2025-02-03 19:05:00,38502.15,0,0,0,55,0.0,0.0,0
2025-02-04,Tue,4558.21,0.0,34942.06,70.8,62.5,50.7,227,12.0,2025-02-04 08:22:00,2025-02-04 19:05:00,38604.31,10,57,0,76,0.0,0.0,0
2025-02-05,Wed,4856.09,0.008,19591.71,75.8,60.4,44.9,181,16.6,2025-02-05 08:21:00,2025-02-05 19:06:00,38707.74,63,100,0,83,0.0,0.008,2
2025-02-06,Thu,5368.69,0.0,35201.77,85.1,69.8,56.0,220,15.3,2025-02-06 08:20:00,2025-02-06 19:07:00,38812.31,1,4,0,73,0.0,0.0,0
2025-02-07,Fri,9242.21,0.0,17879.04,79.5,60.7,49.4,163,17.8,2025-02-07 08:20:00,2025-02-07 19:08:00,38917.9,33,100,0,78,0.0,0.0,0
2025-02-08,Sat,15420.23,0.0,35484.02,86.0,67.0,49.0,242,19.2,2025-02-08 08:19:00,2025-02-08 19:09:00,39024.41,6,96,0,68,0.0,0.0,0
2025-02-09,Sun,9185.93,0.008,638.83,57.5,48.6,43.8,17,11.5,2025-02-09 08:18:00,2025-02-09 19:10:00,39131.71,86,100,12,64,0.0,0.008,2
2025-02-10,Mon,3419.16,0.102,0.0,47.6,43.9,42.2,61,9.4,2025-02-10 08:17:00,2025-02-10 19:11:00,39239.7,100,100,99,85,0.0,0.102,13
2025-02-11,Tue,4224.6,0.299,2565.82,48.0,44.3,41.0,25,10.6,2025-02-11 08:16:00,2025-02-11 19:12:00,39348.26,100,100,100,84,0.0,0.299,7
2025-02-12,Wed,4608.47,0.287,16624.61,47.2,40.9,29.9,3,15.0,2025-02-12 08:15:00,2025-02-12 19:13:00,39457.29,86,100,6,79,0.0,0.287,8
2025-02-13,Thu,5321.3,0.0,28945.41,38.3,30.1,21.2,4,15.2,2025-02-13 08:14:00,2025-02-13 19:14:00,39566.69,84,100,13,55,0.0,0.0,0
2025-02-14,Fri,9695.38,0.0,22137.38,51.9,41.8,31.1,154,16.0,2025-02-14 08:13:00,2025-02-14 19:15:00,39676.34,80,100,0,71,0.0,0.0,0
2025-02-15,Sat,11936.6,0.0,24687.96,71.4,54.2,36.9,246,19.5,2025-02-15 08:12:00,2025-02-15 19:15:00,39786.15,54,100,0,76,0.0,0.0,0
2025-02-16,Sun,8806.24,0.0,36700.1,43.8,35.7,28.4,352,17.3,2025-02-16 08:11:00,2025-02-16 19:16:00,39896.37,14,98,0,55,0.0,0.0,0
2025-02-17,Mon,3131.72,0.0,36032.39,53.7,41.2,29.7,142,14.7,2025-02-17 08:10:00,2025-02-17 19:17:00,40007.92,60,100,0,63,0.0,0.0,0
2025-02-18,Tue,3869.44,0.209,0.0,51.3,42.7,21.2,31,20.9,2025-02-18 08:09:00,2025-02-18 19:18:00,40120.74,100,100,98,86,0.0,0.209,13
2025-02-19,Wed,3587.54,0.0,24004.79,27.4,19.5,13.1,358,18.4,2025-02-19 08:08:00,2025-02-19 19:19:00,40234.73,69,100,0,50,0.0,0.0,0
2025-02-20,Thu,4019.36,0.0,37418.6,30.4,20.3,11.5,21,14.0,2025-02-20 08:07:00,2025-02-20 19:20:00,40349.79,7,35,0,45,0.0,0.0,0
2025-02-21,Fri,8325.69,0.0,5004.31,32.2,26.9,21.5,55,7.2,2025-02-21 08:06:00,2025-02-21 19:21:00,40465.8,74,100,0,51,0.0,0.0,0
2025-02-22,Sat,10837.41,0.0,36761.93,46.5,36.5,26.5,154,6.2,2025-02-22 08:05:00,2025-02-22 19:21:00,40582.66,53,100,0,45,0.0,0.0,0
2025-02-23,Sun,9288.54,0.535,34437.24,62.3,49.1,39.8,172,8.0,2025-02-23 08:04:00,2025-02-23 19:22:00,40700.28,49,100,0,74,0.0,0.535,7
2025-02-24,Mon,2797.39,0.0,37907.25,70.9,54.9,42.3,178,10.6,2025-02-24 08:03:00,2025-02-24 19:23:00,40818.55,5,95,0,73,0.0,0.0,0
2025-02-25,Tue,3456.36,0.0,38008.91,74.6,60.6,48.3,162,15.8,2025-02-25 08:02:00,2025-02-25 19:24:00,40937.37,1,12,0,68,0.0,0.0,0
2025-02-26,Wed,4431.15,0.0,38081.37,79.1,66.0,55.3,198,18.8,2025-02-26 08:00:00,2025-02-26 19:25:00,41056.64,26,100,0,60,0.0,0.0,0
2025-02-27,Thu,6423.51,0.157,37692.73,69.4,59.7,50.8,22,15.8,2025-02-27 07:59:00,2025-02-27 19:26:00,41176.28,49,100,0,36,0.0,0.157,4
2025-02-28,Fri,8793.57,0.0,37456.26,76.1,59.6,42.3,227,10.0,2025-02-28 07:58:00,2025-02-28 19:26:00,41296.18,25,100,0,32,0.0,0.0,0
2025-03-01,Sat,13445.88,0.0,38301.95,77.0,63.2,49.3,122,9.3,2025-03-01 07:57:00,2025-03-01 19:27:00,41416.24,0,5,0,37,0.0,0.0,0
2025-03-02,Sun,8713.81,0.5,33296.94,76.2,62.8,53.3,137,21.4,2025-03-02 07:56:00,2025-03-02 19:28:00,41536.39,48,100,0,54,0.0,0.5,4
2025-03-03,Mon,3243.43,0.012,11942.33,78.7,65.9,56.5,156,19.4,2025-03-03 07:54:00,2025-03-03 19:29:00,41656.52,88,100,4,81,0.0,0.012,2
2025-03-04,Tue,4007.47,0.492,34407.23,68.9,61.1,50.0,255,34.5,2025-03-04 07:53:00,2025-03-04 19:30:00,41776.55,56,100,0,57,0.0,0.492,8
2025-03-05,Wed,4334.53,0.0,38599.95,60.5,50.8,42.1,320,21.7,2025-03-05 07:52:00,2025-03-05 19:30:00,41896.38,4,44,0,40,0.0,0.0,0
2025-03-06,Thu,7126.37,0.0,34512.38,64.9,54.0,41.9,152,19.2,2025-03-06 07:51:00,2025-03-06 19:31:00,42015.92,85,100,1,43,0.0,0.0,0
2025-03-07,Fri,10218.45,0.0,32434.46,81.4,67.0,57.2,207,17.7,2025-03-07 07:49:00,2025-03-07 19:32:00,42135.09,38,100,0,51,0.0,0.0,0
2025-03-08,Sat,11419.26,0.193,7009.44,60.2,51.0,45.6,21,16.7,2025-03-08 07:48:00,2025-03-08 19:33:00,42254.12,90,100,0,73,0.0,0.193,12
2025-03-09,Sun,8768.72,0.016,19850.03,57.6,48.1,41.9,340,15.9,2025-03-09 07:47:00,2025-03-09 19:33:00,42373.87,72,100,0,72,0.0,0.016,4
2025-03-10,Mon,3248.03,0.0,39119.93,74.1,55.2,38.6,223,10.6,2025-03-10 07:46:00,2025-03-10 19:34:00,42494.3,0,0,0,48,0.0,0.0,0
2025-03-11,Tue,4013.16,0.0,39199.53,84.2,65.1,49.7,206,16.2,2025-03-11 07:45:00,2025-03-11 19:35:00,42615.34,0,0,0,29,0.0,0.0,0
2025-03-12,Wed,5343.94,0.0,39279.09,85.5,71.2,58.3,229,26.2,2025-03-12 07:43:00,2025-03-12 19:36:00,42736.89,19,98,0,33,0.0,0.0,0
2025-03-13,Thu,5110.06,0.0,36638.5,87.7,72.7,57.2,246,14.2,2025-03-13 07:42:00,2025-03-13 19:36:00,42858.89,55,100,0,16,0.0,0.0,0
2025-03-14,Fri,9554.61,0.0,39509.2,83.0,73.3,66.5,223,26.7,2025-03-14 07:41:00,2025-03-14 19:37:00,42981.25,29,100,0,28,0.0,0.0,0
2025-03-15,Sat,10888.31,0.0,38357.5,67.1,61.7,56.5,289,19.9,2025-03-15 07:39:00,2025-03-15 19:38:00,43103.89,63,100,0,26,0.0,0.0,0
2025-03-16,Sun,9910.55,0.0,39826.07,69.8,57.0,40.8,318,10.1,2025-03-16 07:38:00,2025-03-16 19:39:00,43226.72,7,100,0,29,0.0,0.0,0
2025-03-17,Mon,3165.81,0.0,39526.1,86.0,67.3,50.4,191,19.0,2025-03-17 07:37:00,2025-03-17 19:39:00,43349.68,27,100,0,25,0.0,0.0,0
2025-03-18,Tue,3911.57,0.0,39746.29,85.1,71.9,59.2,187,25.3,2025-03-18 07:35:00,2025-03-18 19:40:00,43472.66,73,100,0,43,0.0,0.0,0
2025-03-19,Wed,5066.17,0.0,39996.54,69.8,62.0,50.0,297,26.2,2025-03-19 07:34:00,2025-03-19 19:41:00,43595.61,8,63,0,29,0.0,0.0,0
2025-03-20,Thu,7383.6,0.0,40173.8,63.4,52.9,40.7,337,15.3,2025-03-20 07:33:00,2025-03-20 19:41:00,43718.44,0,0,0,31,0.0,0.0,0
2025-03-21,Fri,9179.98,0.0,40270.69,79.1,60.5,45.7,195,20.4,2025-03-21 07:31:00,2025-03-21 19:42:00,43841.06,0,4,0,28,0.0,0.0,0
2025-03-22,Sat,12911.67,0.0,40189.17,83.2,67.3,51.4,177,20.5,2025-03-22 07:30:00,2025-03-22 19:43:00,43963.41,2,24,0,42,0.0,0.0,0
2025-03-23,Sun,8228.0,0.0,40289.0,80.5,71.0,63.0,237,21.2,2025-03-23 07:29:00,2025-03-23 19:44:00,44085.38,2,18,0,49,0.0,0.0,0
2025-03-24,Mon,3318.02,0.0,40487.66,79.8,65.6,50.1,112,8.6,2025-03-24 07:27:00,2025-03-24 19:44:00,44206.92,10,64,0,29,0.0,0.0,0
2025-03-25,Tue,4099.63,0.0,39915.07,91.4,73.3,58.2,179,15.4,2025-03-25 07:26:00,2025-03-25 19:45:00,44327.93,33,100,0,43,0.0,0.0,0
2025-03-26,Wed,5362.04,0.0,39600.0,81.9,73.2,63.2,128,15.8,2025-03-26 07:25:00,2025-03-26 19:46:00,44448.32,62,100,0,48,0.0,0.0,0
2025-03-27,Thu,6143.84,0.016,39422.48,79.5,68.2,60.2,146,20.1,2025-03-27 07:24:00,2025-03-27 19:46:00,44568.04,96,100,42,68,0.0,0.016,3
2025-03-28,Fri,9318.42,0.488,35052.32,77.0,67.4,61.3,165,13.6,2025-03-28 07:22:00,2025-03-28 19:47:00,44687.28,85,100,0,75,0.0,0.488,9
2025-03-29,Sat,13441.83,0.11,33378.47,84.8,71.9,61.1,175,16.7,2025-03-29 07:21:00,2025-03-29 19:48:00,44806.84,67,100,1,76,0.0,0.11,1
2025-03-30,Sun,9108.22,0.0,40866.74,85.9,72.4,59.3,233,17.6,2025-03-30 07:20:00,2025-03-30 19:49:00,44926.69,16,72,0,63,0.0,0.0,0
2025-03-31,Mon,3364.95,0.0,41189.07,70.1,59.8,50.6,30,12.0,2025-03-31 07:18:00,2025-03-31 19:49:00,45046.77,0,5,0,60,0.0,0.0,0
2025-04-01,Tue,4157.62,0.024,36354.52,85.1,68.6,53.7,164,23.4,2025-04-01 07:17:00,2025-04-01 19:50:00,45166.98,56,100,0,68,0.0,0.024,1
2025-04-02,Wed,4399.05,0.354,37527.35,82.8,74.3,66.5,183,24.2,2025-04-02 07:16:00,2025-04-02 19:51:00,45287.27,63,100,0,54,0.0,0.354,5
2025-04-03,Thu,5239.38,1.787,3231.47,66.1,61.2,56.1,29,19.9,2025-04-03 07:15:00,2025-04-03 19:51:00,45407.55,98,100,62,79,0.0,1.787,7
2025-04-04,Fri,9837.02,0.24,4408.78,64.4,59.0,54.2,7,14.2,2025-04-04 07:13:00,2025-04-04 19:52:00,45527.74,100,100,92,87,0.0,0.24,11
2025-04-05,Sat,12056.53,0.98,4885.67,57.1,53.0,46.1,4,20.7,2025-04-05 07:12:00,2025-04-05 19:53:00,45647.77,100,100,91,82,0.0,0.98,10
2025-04-06,Sun,8753.42,0.0,2408.46,49.6,44.9,40.1,337,18.0,2025-04-06 07:11:00,2025-04-06 19:54:00,45767.57,94,100,0,68,0.0,0.0,0
2025-04-07,Mon,3125.31,0.0,42842.58,62.5,50.7,39.7,329,8.8,2025-04-07 07:09:00,2025-04-07 19:54:00,45887.03,2,46,0,54,0.0,0.0,0
2025-04-08,Tue,3861.53,0.0,43020.15,71.9,57.9,43.9,187,12.2,2025-04-08 07:08:00,2025-04-08 19:55:00,46006.1,0,0,0,51,0.0,0.0,0
2025-04-09,Wed,3717.2,0.0,43201.39,86.6,69.0,54.5,190,15.5,2025-04-09 07:07:00,2025-04-09 19:56:00,46124.68,0,0,0,40,0.0,0.0,0
2025-04-10,Thu,7034.67,0.0,43268.88,81.2,70.0,56.2,47,12.3,2025-04-10 07:06:00,2025-04-10 19:56:00,46242.69,0,0,0,48,0.0,0.0,0
2025-04-11,Fri,13508.02,0.0,43454.05,80.4,68.9,55.8,38,7.0,2025-04-11 07:04:00,2025-04-11 19:57:00,46360.05,2,25,0,39,0.0,0.0,0
2025-04-12,Sat,19182.95,0.0,43584.67,88.7,73.3,58.9,161,17.7,2025-04-12 07:03:00,2025-04-12 19:58:00,46476.67,0,0,0,37,0.0,0.0,0
2025-04-13,Sun,9759.11,0.0,43696.87,98.0,81.5,67.7,196,22.3,2025-04-13 07:02:00,2025-04-13 19:59:00,46592.47,0,12,0,33,0.0,0.0,0
2025-04-14,Mon,4127.37,0.0,40464.8,87.0,76.9,66.9,241,19.8,2025-04-14 07:01:00,2025-04-14 19:59:00,46707.35,45,100,0,42,0.0,0.0,0
2025-04-15,Tue,5099.63,0.004,43185.46,75.4,66.9,58.5,51,15.8,2025-04-15 06:59:00,2025-04-15 20:00:00,46821.23,25,100,0,31,0.0,0.004,1
2025-04-16,Wed,4381.27,0.0,43879.1,85.1,71.1,57.9,166,18.1,2025-04-16 06:58:00,2025-04-16 20:01:00,46934.02,9,77,0,45,0.0,0.0,0
2025-04-17,Thu,6385.42,0.0,37492.39,89.5,76.4,64.4,181,19.1,2025-04-17 06:57:00,2025-04-17 20:01:00,47045.91,35,100,0,57,0.0,0.0,0
2025-04-18,Fri,15437.87,0.0,15223.92,87.1,77.0,67.6,183,18.8,2025-04-18 06:56:00,2025-04-18 20:02:00,47157.67,74,100,0,60,0.0,0.0,0
2025-04-19,Sat,18285.37,1.496,20334.53,80.3,70.7,63.8,152,21.9,2025-04-19 06:55:00,2025-04-19 20:03:00,47269.28,98,100,78,80,0.0,1.496,19
2025-04-20,Sun,10106.1,0.236,38389.74,71.6,66.2,58.3,219,23.2,2025-04-20 06:54:00,2025-04-20 20:04:00,47380.65,44,100,0,73,0.0,0.236,9
2025-04-21,Mon,4235.52,0.0,44562.45,75.0,64.6,54.7,116,6.7,2025-04-21 06:53:00,2025-04-21 20:04:00,47491.69,0,1,0,66,0.0,0.0,0
2025-04-22,Tue,5233.26,0.0,44668.24,84.1,70.1,57.2,137,10.2,2025-04-22 06:52:00,2025-04-22 20:05:00,47602.33,22,100,0,66,0.0,0.0,0
2025-04-23,Wed,4315.34,0.791,33085.79,75.7,69.1,63.5,114,12.8,2025-04-23 06:50:00,2025-04-23 20:06:00,47712.48,80,100,8,85,0.0,0.791,11
2025-04-24,Thu,5193.78,0.508,15475.02,74.3,68.2,65.0,145,16.8,2025-04-24 06:49:00,2025-04-24 20:06:00,47822.06,79,100,11,91,0.0,0.508,10
2025-04-25,Fri,13999.02,0.031,30947.63,77.9,70.0,62.7,143,9.1,2025-04-25 06:48:00,2025-04-25 20:07:00,47930.97,60,100,0,85,0.0,0.031,6
2025-04-26,Sat,18001.07,0.0,39875.9,80.7,72.8,66.1,150,14.0,2025-04-26 06:47:00,2025-04-26 20:08:00,48039.13,55,100,3,79,0.0,0.0,0
2025-04-27,Sun,9887.8,0.004,32772.84,80.4,73.8,66.7,170,17.4,2025-04-27 06:46:00,2025-04-27 20:09:00,48146.44,55,100,0,79,0.0,0.004,1
2025-04-28,Mon,3987.34,0.0,25729.74,82.3,75.4,69.2,173,21.5,2025-04-28 06:45:00,2025-04-28 20:09:00,48252.82,97,100,71,76,0.0,0.0,0
2025-04-29,Tue,4926.62,0.126,37091.19,84.3,74.7,66.5,161,20.6,2025-04-29 06:44:00,2025-04-29 20:10:00,48358.17,82,100,21,75,0.0,0.126,4
2025-04-30,Wed,2965.28,0.929,12150.55,75.7,68.6,61.1,175,16.4,2025-04-30 06:43:00,2025-04-30 20:11:00,48462.38,88,100,3,88,0.0,0.929,8
2025-05-01,Thu,5632.07,0.028,35245.05,81.1,68.9,59.4,161,12.7,2025-05-01 06:42:00,2025-05-01 20:12:00,48565.38,46,100,0,85,0.0,0.028,2
2025-05-02,Fri,13371.45,0.114,41624.37,75.5,68.4,62.9,10,15.1,2025-05-02 06:41:00,2025-05-02 20:12:00,48667.04,51,100,0,78,0.0,0.114,6
2025-05-03,Sat,17970.46,0.0,45773.78,70.1,62.1,54.0,355,11.0,2025-05-03 06:40:00,2025-05-03 20:13:00,48767.29,0,1,0,66,0.0,0.0,0
2025-05-04,Sun,9089.65,0.0,45866.76,73.1,64.3,54.8,121,8.0,2025-05-04 06:39:00,2025-05-04 20:14:00,48865.99,31,99,0,60,0.0,0.0,0
2025-05-05,Mon,3803.62,0.291,33934.75,73.6,63.9,56.5,113,12.6,2025-05-05 06:38:00,2025-05-05 20:15:00,48963.06,55,100,0,66,0.0,0.291,6
2025-05-06,Tue,4699.63,1.378,19279.69,77.0,64.5,57.6,108,14.7,2025-05-06 06:38:00,2025-05-06 20:15:00,49058.39,61,100,0,87,0.0,1.378,14
2025-05-07,Wed,5492.37,0.016,39089.09,75.8,66.5,58.1,308,8.0,2025-05-07 06:37:00,2025-05-07 20:16:00,49152.14,55,100,5,79,0.0,0.016,3
2025-05-08,Thu,6188.26,0.0,39125.09,74.2,66.7,58.1,332,10.8,2025-05-08 06:36:00,2025-05-08 20:17:00,49245.02,54,100,0,72,0.0,0.0,0
2025-05-09,Fri,15522.24,0.02,46309.09,74.0,66.5,59.0,2,17.1,2025-05-09 06:35:00,2025-05-09 20:17:00,49336.99,32,95,0,73,0.0,0.02,3
2025-05-10,Sat,18670.2,0.0,41434.2,76.6,67.4,59.0,6,13.6,2025-05-10 06:34:00,2025-05-10 20:18:00,49427.97,36,100,0,64,0.0,0.0,0
2025-05-11,Sun,10275.17,0.0,46451.83,77.6,66.5,55.0,350,15.8,2025-05-11 06:34:00,2025-05-11 20:19:00,49517.87,47,100,0,55,0.0,0.0,0
2025-05-12,Mon,4355.94,0.0,46492.55,81.6,69.6,56.7,308,7.2,2025-05-12 06:33:00,2025-05-12 20:20:00,49606.61,0,0,0,62,0.0,0.0,0
2025-05-13,Tue,5382.05,0.0,46533.19,99.1,80.9,65.2,183,16.6,2025-05-13 06:32:00,2025-05-13 20:20:00,49694.1,18,91,0,46,0.0,0.0,0
2025-05-14,Wed,4927.22,0.0,46573.69,101.7,87.1,74.7,214,16.7,2025-05-14 06:31:00,2025-05-14 20:21:00,49780.25,46,100,0,40,0.0,0.0,0
2025-05-15,Thu,7599.22,0.0,44599.47,86.1,81.5,73.7,246,14.4,2025-05-15 06:31:00,2025-05-15 20:22:00,49864.98,82,100,25,55,0.0,0.0,0
2025-05-16,Fri,15023.47,0.039,40242.07,90.7,80.6,71.9,197,15.4,2025-05-16 06:30:00,2025-05-16 20:23:00,49948.2,99,100,95,67,0.0,0.039,4
2025-05-17,Sat,18922.02,0.106,40518.25,94.6,78.6,69.9,167,17.9,2025-05-17 06:29:00,2025-05-17 20:23:00,50029.8,78,100,7,74,0.0,0.106,2
2025-05-18,Sun,8397.46,1.173,21559.28,88.9,79.7,71.6,174,19.9,2025-05-18 06:29:00,2025-05-18 20:24:00,50109.7,93,100,23,76,0.0,1.173,10
2025-05-19,Mon,4256.72,0.39,34775.29,87.7,78.6,72.9,176,22.2,2025-05-19 06:28:00,2025-05-19 20:25:00,50187.8,61,100,0,81,0.0,0.39,9
2025-05-20,Tue,5259.46,0.028,46800.0,83.6,75.5,67.8,322,18.0,2025-05-20 06:28:00,2025-05-20 20:25:00,50264.01,1,27,0,47,0.0,0.028,1
2025-05-21,Wed,6793.14,0.0,46800.0,90.3,77.1,62.6,163,14.6,2025-05-21 06:27:00,2025-05-21 20:26:00,50338.23,59,100,0,37,0.0,0.0,0
2025-05-22,Thu,7905.11,0.177,35212.54,93.1,80.4,70.0,161,22.2,2025-05-22 06:26:00,2025-05-22 20:27:00,50410.37,35,100,0,56,0.0,0.177,4
2025-05-23,Fri,18323.55,0.004,46800.0,95.9,82.7,69.5,158,16.3,2025-05-23 06:26:00,2025-05-23 20:27:00,50480.31,18,100,0,58,0.0,0.004,1
2025-05-24,Sat,17371.14,0.0,38817.36,97.4,85.6,74.9,181,20.0,2025-05-24 06:25:00,2025-05-24 20:28:00,50547.97,71,100,3,58,0.0,0.0,0
2025-05-25,Sun,8933.92,0.008,46078.38,97.8,84.5,75.2,173,20.3,2025-05-25 06:25:00,2025-05-25 20:29:00,50613.25,39,100,0,60,0.0,0.008,2
2025-05-26,Mon,4602.53,1.252,16518.62,80.5,72.4,67.8,103,14.4,2025-05-26 06:25:00,2025-05-26 20:29:00,50676.03,92,100,43,83,0.0,1.252,10
2025-05-27,Tue,5686.73,0.15,42805.36,82.7,73.4,66.5,44,9.7,2025-05-27 06:24:00,2025-05-27 20:30:00,50736.43,76,100,31,79,0.0,0.15,6
2025-05-28,Wed,8564.82,0.299,25981.86,78.6,70.5,66.4,89,10.0,2025-05-28 06:24:00,2025-05-28 20:30:00,50794.93,84,100,19,86,0.0,0.299,10
2025-05-29,Thu,7959.25,0.256,26075.05,83.6,72.9,65.6,156,8.7,2025-05-29 06:23:00,2025-05-29 20:31:00,50851.5,76,100,3,85,0.0,0.256,10
2025-05-30,Fri,19097.93,0.157,42622.98,77.7,70.8,64.4,23,10.3,2025-05-30 06:23:00,2025-05-30 20:32:00,50906.11,73,100,2,77,0.0,0.157,6
2025-05-31,Sat,25170.58,0.0,46800.0,84.0,74.4,64.4,165,6.2,2025-05-31 06:23:00,2025-05-31 20:32:00,50958.68,11,80,0,66,0.0,0.0,0
2025-06-01,Sun,14225.91,0.484,45980.88,85.4,74.8,68.6,155,12.1,2025-06-01 06:23:00,2025-06-01 20:33:00,51009.16,28,99,0,80,0.0,0.484,7
2025-06-02,Mon,5819.87,0.0,46800.0,90.0,79.6,69.2,155,15.3,2025-06-02 06:22:00,2025-06-02 20:33:00,51057.5,32,100,0,77,0.0,0.0,0
2025-06-03,Tue,7190.84,1.098,35517.07,88.1,79.5,73.1,178,19.5,2025-06-03 06:22:00,2025-06-03 20:34:00,51103.65,65,100,14,76,0.0,1.098,5
2025-06-04,Wed,8430.96,0.441,13997.33,76.9,71.2,64.4,339,15.5,2025-06-04 06:22:00,2025-06-04 20:35:00,51147.55,76,100,0,80,0.0,0.441,2
2025-06-05,Thu,8193.42,0.772,28800.0,85.9,75.6,68.2,118,11.2,2025-06-05 06:22:00,2025-06-05 20:35:00,51189.14,79,100,4,84,0.0,0.772,4
2025-06-06,Fri,21046.02,0.0,43200.0,91.2,82.8,75.5,181,12.6,2025-06-06 06:22:00,2025-06-06 20:36:00,51228.37,38,100,0,71,0.0,0.0,0
2025-06-07,Sat,22532.49,0.016,46800.0,93.3,84.0,75.9,202,15.1,2025-06-07 06:22:00,2025-06-07 20:36:00,51265.18,29,100,0,66,0.0,0.016,4
2025-06-08,Sun,12035.36,0.795,46800.0,92.1,83.3,72.7,187,16.2,2025-06-08 06:22:00,2025-06-08 20:37:00,51299.53,50,100,7,68,0.0,0.795,8
2025-06-09,Mon,5604.19,1.819,43200.0,85.9,77.2,69.5,339,13.4,2025-06-09 06:21:00,2025-06-09 20:37:00,51331.35,58,100,4,76,0.0,1.819,8
2025-06-10,Tue,6924.34,0.094,18548.45,82.4,75.3,70.7,145,10.2,2025-06-10 06:21:00,2025-06-10 20:37:00,51360.6,66,100,1,82,0.0,0.094,5
2025-06-11,Wed,7714.96,0.76,2472.66,76.1,72.0,69.5,130,10.6,2025-06-11 06:21:00,2025-06-11 20:38:00,51387.22,99,100,77,91,0.0,0.76,13
2025-06-12,Thu,10269.38,0.098,28827.37,82.7,74.7,69.5,163,6.4,2025-06-12 06:21:00,2025-06-12 20:38:00,51411.16,67,100,0,82,0.0,0.098,11
2025-06-13,Fri,18707.62,0.012,35070.63,88.9,77.5,70.1,168,12.0,2025-06-13 06:21:00,2025-06-13 20:39:00,51432.38,52,100,0,81,0.0,0.012,2
2025-06-14,Sat,21340.18,0.319,43062.65,88.6,79.4,72.8,180,12.0,2025-06-14 06:21:00,2025-06-14 20:39:00,51450.82,63,100,1,80,0.0,0.319,3
2025-06-15,Sun,14124.18,0.394,28822.28,87.0,78.4,73.4,186,14.0,2025-06-15 06:22:00,2025-06-15 20:39:00,51466.43,62,100,0,83,0.0,0.394,5
2025-06-16,Mon,5597.83,0.0,46820.64,92.6,80.9,71.1,191,10.1,2025-06-16 06:22:00,2025-06-16 20:40:00,51479.2,18,100,0,74,0.0,0.0,0
2025-06-17,Tue,6916.49,0.0,46851.59,94.8,84.8,75.8,183,19.2,2025-06-17 06:22:00,2025-06-17 20:40:00,51489.25,1,9,0,62,0.0,0.0,0
2025-06-18,Wed,7886.88,0.035,45118.08,94.8,85.3,76.3,181,17.9,2025-06-18 06:22:00,2025-06-18 20:40:00,51496.59,45,100,0,60,0.0,0.035,4
2025-06-19,Thu,10202.76,0.075,46815.86,94.8,84.7,71.2,192,12.6,2025-06-19 06:22:00,2025-06-19 20:40:00,51501.23,51,100,5,62,0.0,0.075,6
2025-06-20,Fri,20420.74,0.0,46814.35,96.1,86.4,77.8,188,16.1,2025-06-20 06:22:00,2025-06-20 20:41:00,51503.2,4,17,0,60,0.0,0.0,0
2025-06-21,Sat,23908.8,0.0,46812.91,95.3,85.8,76.9,184,20.4,2025-06-21 06:23:00,2025-06-21 20:41:00,51502.5,11,84,0,59,0.0,0.0,0
2025-06-22,Sun,12609.24,0.004,46811.55,93.3,84.7,75.9,172,17.5,2025-06-22 06:23:00,2025-06-22 20:41:00,51499.15,10,43,0,59,0.0,0.004,1
2025-06-23,Mon,5820.65,0.0,46810.3,94.0,84.8,75.9,170,14.6,2025-06-23 06:23:00,2025-06-23 20:41:00,51493.18,27,100,0,61,0.0,0.0,0
2025-06-24,Tue,7191.79,0.02,46809.16,94.5,84.5,75.9,157,14.0,2025-06-24 06:23:00,2025-06-24 20:41:00,51484.59,8,43,0,61,0.0,0.02,1
2025-06-25,Wed,7240.92,0.031,46800.0,93.8,83.0,74.9,156,12.4,2025-06-25 06:24:00,2025-06-25 20:42:00,51473.42,24,79,0,64,0.0,0.031,3
2025-06-26,Thu,6139.41,0.004,46807.28,94.8,83.9,74.8,171,12.6,2025-06-26 06:24:00,2025-06-26 20:42:00,51459.69,49,98,11,63,0.0,0.004,1
2025-06-27,Fri,17803.89,0.0,46806.56,94.7,84.9,75.6,179,12.2,2025-06-27 06:24:00,2025-06-27 20:42:00,51443.41,75,100,1,61,0.0,0.0,0
2025-06-28,Sat,20657.27,0.0,46885.32,96.8,86.6,77.6,179,13.5,2025-06-28 06:25:00,2025-06-28 20:42:00,51424.62,37,100,0,56,0.0,0.0,0
2025-06-29,Sun,11747.85,0.0,46885.09,96.4,86.8,77.4,178,14.0,2025-06-29 06:25:00,2025-06-29 20:42:00,51403.33,8,52,0,51,0.0,0.0,0
2025-06-30,Mon,4933.21,0.661,46805.45,96.7,85.1,73.3,194,14.3,2025-06-30 06:26:00,2025-06-30 20:42:00,51379.57,53,100,1,62,0.0,0.661,4
2025-07-01,Tue,6095.31,0.012,40724.46,85.9,79.1,72.4,15,5.7,2025-07-01 06:26:00,2025-07-01 20:42:00,51353.37,90,100,35,78,0.0,0.012,1
2025-07-02,Wed,8512.2,0.102,40619.45,87.8,81.4,76.2,98,6.7,2025-07-02 06:26:00,2025-07-02 20:42:00,51324.75,91,100,40,76,0.0,0.102,4
2025-07-03,Thu,10984.2,0.083,28856.46,83.3,78.3,74.7,148,14.7,2025-07-03 06:27:00,2025-07-03 20:42:00,51293.75,90,100,29,81,0.0,0.083,6
2025-07-04,Fri,18318.86,0.382,26102.54,83.8,76.9,73.7,152,17.7,2025-07-04 06:27:00,2025-07-04 20:42:00,51260.39,85,100,27,87,0.0,0.382,18
2025-07-05,Sat,19609.22,0.102,25310.25,87.4,77.6,72.7,145,14.2,2025-07-05 06:28:00,2025-07-05 20:41:00,51224.69,81,100,20,85,0.0,0.102,9
2025-07-06,Sun,9259.96,0.394,31484.58,84.5,77.2,72.8,172,11.6,2025-07-06 06:28:00,2025-07-06 20:41:00,51186.56,77,100,0,85,0.0,0.394,16
2025-07-07,Mon,5173.33,0.079,46809.73,87.0,79.1,72.4,179,11.7,2025-07-07 06:29:00,2025-07-07 20:41:00,51145.66,25,90,0,80,0.0,0.079,4
2025-07-08,Tue,6391.99,0.083,43211.03,88.2,79.8,72.6,183,12.9,2025-07-08 06:29:00,2025-07-08 20:41:00,51102.05,34,100,3,79,0.0,0.083,8
2025-07-09,Wed,6385.17,0.114,43152.98,88.6,79.3,73.4,202,19.2,2025-07-09 06:30:00,2025-07-09 20:41:00,51055.82,21,99,0,77,0.0,0.114,3
2025-07-10,Thu,8604.18,0.0,46814.03,91.7,82.2,72.5,205,13.8,2025-07-10 06:30:00,2025-07-10 20:40:00,51007.05,5,18,0,66,0.0,0.0,0
2025-07-11,Fri,15683.19,0.0,46800.0,91.5,83.0,74.4,184,15.7,2025-07-11 06:31:00,2025-07-11 20:40:00,50955.82,8,53,0,62,0.0,0.0,0
2025-07-12,Sat,21355.12,0.583,34739.92,87.6,79.9,74.4,176,13.7,2025-07-12 06:31:00,2025-07-12 20:40:00,50902.21,56,100,1,78,0.0,0.583,11
2025-07-13,Sun,11631.03,0.059,25532.06,86.0,78.2,72.5,196,13.4,2025-07-13 06:32:00,2025-07-13 20:39:00,50846.32,99,100,91,77,0.0,0.059,3
2025-07-14,Mon,4938.59,0.059,36000.0,91.2,80.3,71.3,209,8.8,2025-07-14 06:33:00,2025-07-14 20:39:00,50788.21,65,100,6,72,0.0,0.059,3
2025-07-15,Tue,6101.96,0.035,43200.0,94.1,83.5,75.8,192,13.1,2025-07-15 06:33:00,2025-07-15 20:39:00,50727.98,80,100,25,68,0.0,0.035,2
2025-07-16,Wed,5649.52,0.012,46786.39,94.7,84.6,75.9,175,14.3,2025-07-16 06:34:00,2025-07-16 20:38:00,50665.71,27,100,0,65,0.0,0.012,3
2025-07-17,Thu,6606.45,0.0,46751.54,96.8,85.9,75.3,174,12.2,2025-07-17 06:34:00,2025-07-17 20:38:00,50601.49,69,100,2,57,0.0,0.0,0
2025-07-18,Fri,16485.87,0.0,46745.16,97.9,85.9,75.3,189,11.9,2025-07-18 06:35:00,2025-07-18 20:37:00,50535.39,37,99,0,55,0.0,0.0,0
2025-07-19,Sat,21006.63,0.0,46680.74,94.8,85.3,76.2,188,14.2,2025-07-19 06:36:00,2025-07-19 20:37:00,50467.49,42,100,0,63,0.0,0.0,0
2025-07-20,Sun,11007.29,0.012,46644.95,95.0,86.3,78.4,185,15.2,2025-07-20 06:36:00,2025-07-20 20:36:00,50397.87,28,99,0,60,0.0,0.012,1
2025-07-21,Mon,4713.38,0.0,46608.98,98.9,86.9,77.0,189,15.8,2025-07-21 06:37:00,2025-07-21 20:36:00,50326.62,15,100,0,59,0.0,0.0,0
2025-07-22,Tue,5823.7,0.0,43327.85,96.9,86.1,76.0,182,13.2,2025-07-22 06:38:00,2025-07-22 20:35:00,50253.81,68,100,1,57,0.0,0.0,0
2025-07-23,Wed,7835.89,0.0,46536.8,97.8,87.5,77.9,175,15.1,2025-07-23 06:38:00,2025-07-23 20:34:00,50179.52,29,100,0,55,0.0,0.0,0
2025-07-24,Thu,8468.39,0.0,46500.71,100.2,88.7,78.5,178,12.5,2025-07-24 06:39:00,2025-07-24 20:34:00,50103.83,4,22,0,52,0.0,0.0,0
2025-07-25,Fri,16812.35,0.0,45783.07,99.6,88.7,78.7,178,11.2,2025-07-25 06:40:00,2025-07-25 20:33:00,50026.81,54,100,0,48,0.0,0.0,0
2025-07-26,Sat,22096.61,0.154,39228.83,95.6,85.9,77.9,175,13.8,2025-07-26 06:40:00,2025-07-26 20:33:00,49948.29,85,100,2,62,0.0,0.154,4
2025-07-27,Sun,11384.95,0.043,46392.57,95.8,86.4,77.9,187,14.4,2025-07-27 06:41:00,2025-07-27 20:32:00,49867.65,58,100,1,57,0.0,0.043,2
2025-07-28,Mon,5166.63,0.0,46355.94,98.1,87.4,77.5,182,11.7,2025-07-28 06:42:00,2025-07-28 20:31:00,49784.97,12,70,0,56,0.0,0.0,0
2025-07-29,Tue,6383.72,0.0,46318.97,99.5,88.5,77.8,201,9.3,2025-07-29 06:42:00,2025-07-29 20:30:00,49700.35,7,53,0,48,0.0,0.0,0
2025-07-30,Wed,5961.25,0.0,46281.7,100.4,89.3,77.9,203,8.8,2025-07-30 06:43:00,2025-07-30 20:30:00,49613.89,22,94,0,40,0.0,0.0,0
2025-07-31,Thu,7926.55,0.0,46244.16,104.0,91.0,78.5,214,11.9,2025-07-31 06:44:00,2025-07-31 20:29:00,49525.7,13,45,0,34,0.0,0.0,0
2025-08-01,Fri,17558.62,0.02,33177.91,95.8,85.6,79.2,53,14.3,2025-08-01 06:44:00,2025-08-01 20:28:00,49435.88,47,100,0,56,0.0,0.02,1
2025-08-02,Sat,22210.54,0.335,46168.45,95.6,84.1,74.2,21,14.0,2025-08-02 06:45:00,2025-08-02 20:27:00,49344.54,38,100,0,63,0.0,0.335,6
2025-08-03,Sun,10713.72,0.0,42530.33,96.6,85.8,76.2,132,9.6,2025-08-03 06:46:00,2025-08-03 20:26:00,49251.76,38,100,0,59,0.0,0.0,0
2025-08-04,Mon,4993.83,0.571,43748.75,93.5,82.6,73.1,95,8.4,2025-08-04 06:46:00,2025-08-04 20:25:00,49157.64,40,100,0,64,0.0,0.571,7
2025-08-05,Tue,6170.2,0.0,46035.12,91.8,82.2,72.1,141,9.9,2025-08-05 06:47:00,2025-08-05 20:25:00,49062.3,3,77,0,64,0.0,0.0,0
2025-08-06,Wed,7367.46,0.0,45944.27,97.2,85.6,74.7,164,11.3,2025-08-06 06:48:00,2025-08-06 20:24:00,48965.8,0,3,0,54,0.0,0.0,0
2025-08-07,Thu,7219.17,0.0,45852.34,100.8,88.0,76.9,186,11.2,2025-08-07 06:48:00,2025-08-07 20:23:00,48868.26,1,4,0,53,0.0,0.0,0
2025-08-08,Fri,16656.59,0.0,45759.4,100.8,88.9,78.3,182,13.8,2025-08-08 06:49:00,2025-08-08 20:22:00,48769.76,0,1,0,50,0.0,0.0,0
2025-08-09,Sat,19658.69,0.0,45665.54,100.1,89.0,79.3,178,14.4,2025-08-09 06:50:00,2025-08-09 20:21:00,48670.38,15,66,0,49,0.0,0.0,0
2025-08-10,Sun,11935.64,0.0,42551.88,96.7,87.4,77.1,167,13.0,2025-08-10 06:50:00,2025-08-10 20:20:00,48570.22,14,87,0,51,0.0,0.0,0
2025-08-11,Mon,4874.89,0.035,45475.37,95.4,86.4,76.1,169,9.7,2025-08-11 06:51:00,2025-08-11 20:19:00,48469.37,29,100,0,54,0.0,0.035,2
2025-08-12,Tue,6023.25,0.488,30539.64,93.4,81.4,76.1,117,8.1,2025-08-12 06:52:00,2025-08-12 20:18:00,48367.9,78,100,5,67,0.0,0.488,5
2025-08-13,Wed,7858.1,0.008,41297.8,94.1,83.3,74.3,162,6.9,2025-08-13 06:52:00,2025-08-13 20:17:00,48265.91,32,100,3,65,0.0,0.008,1
2025-08-14,Thu,6329.0,0.016,45185.16,97.6,86.9,75.7,172,11.6,2025-08-14 06:53:00,2025-08-14 20:16:00,48163.46,24,82,0,59,0.0,0.016,3
2025-08-15,Fri,15359.11,0.0,45086.9,98.1,88.3,79.3,174,13.9,2025-08-15 06:54:00,2025-08-15 20:15:00,48060.37,33,98,0,53,0.0,0.0,0
2025-08-16,Sat,23208.1,0.016,44987.22,95.0,86.4,77.9,171,14.9,2025-08-16 06:54:00,2025-08-16 20:14:00,47955.91,27,94,0,58,0.0,0.016,2
2025-08-17,Sun,10820.41,0.004,35894.09,94.2,86.8,78.8,180,11.4,2025-08-17 06:55:00,2025-08-17 20:13:00,47850.14,56,100,0,57,0.0,0.004,1
2025-08-18,Mon,4932.08,0.008,43923.79,97.9,88.6,80.0,185,11.0,2025-08-18 06:56:00,2025-08-18 20:11:00,47743.16,55,100,6,51,0.0,0.008,1
2025-08-19,Tue,6093.91,0.0,44680.43,102.2,90.6,77.8,142,7.6,2025-08-19 06:56:00,2025-08-19 20:10:00,47635.05,17,94,0,46,0.0,0.0,0
2025-08-20,Wed,4916.28,0.26,23574.5,87.3,82.2,74.1,2,9.9,2025-08-20 06:57:00,2025-08-20 20:09:00,47525.91,49,100,0,69,0.0,0.26,3
2025-08-21,Thu,6458.71,0.0,44441.23,95.0,84.9,76.8,25,10.5,2025-08-21 06:58:00,2025-08-21 20:08:00,47415.82,12,43,0,60,0.0,0.0,0
2025-08-22,Fri,16411.83,0.067,31805.41,92.3,82.6,74.2,91,8.6,2025-08-22 06:58:00,2025-08-22 20:07:00,47304.89,34,100,2,61,0.0,0.067,5
2025-08-23,Sat,21925.89,0.0,44256.36,98.3,85.6,75.2,358,14.7,2025-08-23 06:59:00,2025-08-23 20:06:00,47193.19,8,38,0,50,0.0,0.0,0
2025-08-24,Sun,9855.83,0.004,44148.2,96.8,86.5,75.5,61,9.4,2025-08-24 07:00:00,2025-08-24 20:04:00,47080.81,13,78,0,46,0.0,0.004,1
2025-08-25,Mon,4621.28,0.0,44039.34,97.7,87.3,76.7,173,11.6,2025-08-25 07:00:00,2025-08-25 20:03:00,46967.84,54,100,0,43,0.0,0.0,0
2025-08-26,Tue,5709.9,0.0,40373.52,92.7,83.4,75.8,80,12.9,2025-08-26 07:01:00,2025-08-26 20:02:00,46854.35,61,100,4,52,0.0,0.0,0
2025-08-27,Wed,6506.0,0.028,43173.5,94.3,81.6,71.0,121,11.4,2025-08-27 07:02:00,2025-08-27 20:01:00,46740.43,17,81,0,61,0.0,0.028,2
2025-08-28,Thu,6635.2,0.177,39327.37,100.4,85.2,77.6,186,13.5,2025-08-28 07:02:00,2025-08-28 19:59:00,46626.16,33,99,0,63,0.0,0.177,5
2025-08-29,Fri,18119.46,0.02,41649.33,91.3,79.9,71.8,42,11.6,2025-08-29 07:03:00,2025-08-29 19:58:00,46511.62,52,100,2,74,0.0,0.02,1
2025-08-30,Sat,18987.67,0.909,12108.85,83.3,77.1,72.1,69,8.3,2025-08-30 07:04:00,2025-08-30 19:57:00,46396.88,90,100,14,82,0.0,0.909,10
2025-08-31,Sun,12825.43,0.65,28401.18,84.1,76.7,72.3,57,11.9,2025-08-31 07:04:00,2025-08-31 19:56:00,46282.03,67,100,21,85,0.0,0.65,14
2025-09-01,Mon,4893.21,0.075,40626.97,88.3,78.4,71.4,33,9.3,2025-09-01 07:05:00,2025-09-01 19:54:00,46167.13,41,100,0,75,0.0,0.075,5
2025-09-02,Tue,6045.89,0.02,41925.61,91.1,80.6,70.4,355,10.2,2025-09-02 07:06:00,2025-09-02 19:53:00,46052.27,19,96,0,65,0.0,0.02,3
2025-09-03,Wed,4663.39,0.0,43040.59,92.1,81.0,69.8,347,10.9,2025-09-03 07:06:00,2025-09-03 19:52:00,45937.51,12,92,0,52,0.0,0.0,0
2025-09-04,Thu,6556.87,0.0,42780.31,103.2,87.0,71.7,230,13.2,2025-09-04 07:07:00,2025-09-04 19:51:00,45822.64,10,78,0,34,0.0,0.0,0
2025-09-05,Fri,12862.04,0.008,26273.72,101.2,87.8,76.0,210,13.0,2025-09-05 07:08:00,2025-09-05 19:49:00,45706.95,94,100,47,37,0.0,0.008,2
2025-09-06,Sat,19732.9,0.126,22324.59,80.3,71.8,63.6,21,14.5,2025-09-06 07:08:00,2025-09-06 19:48:00,45590.44,73,100,0,74,0.0,0.126,8
2025-09-07,Sun,10158.6,0.051,30587.43,82.3,74.5,68.8,80,9.5,2025-09-07 07:09:00,2025-09-07 19:47:00,45473.21,60,100,0,72,0.0,0.051,6
2025-09-08,Mon,4187.24,0.0,41679.45,84.2,74.2,64.9,117,9.0,2025-09-08 07:09:00,2025-09-08 19:45:00,45355.34,6,100,0,56,0.0,0.0,0
2025-09-09,Tue,5173.62,0.0,41448.97,89.6,76.3,63.6,148,10.5,2025-09-09 07:10:00,2025-09-09 19:44:00,45236.9,18,100,0,50,0.0,0.0,0
2025-09-10,Wed,5366.65,0.0,41438.39,92.2,79.1,66.7,160,9.3,2025-09-10 07:11:00,2025-09-10 19:43:00,45117.98,0,3,0,46,0.0,0.0,0
2025-09-11,Thu,6066.67,0.0,41137.83,94.1,81.2,68.0,180,10.6,2025-09-11 07:11:00,2025-09-11 19:41:00,44998.64,0,0,0,47,0.0,0.0,0
2025-09-12,Fri,15565.6,0.0,40855.64,94.4,83.1,72.3,187,10.6,2025-09-12 07:12:00,2025-09-12 19:40:00,44878.96,9,67,0,53,0.0,0.0,0
2025-09-13,Sat,18738.9,0.0,40566.56,92.6,82.8,73.1,173,13.6,2025-09-13 07:13:00,2025-09-13 19:39:00,44759.03,51,100,0,50,0.0,0.0,0
2025-09-14,Sun,8575.18,0.0,40310.41,94.5,83.8,72.6,183,13.5,2025-09-14 07:13:00,2025-09-14 19:37:00,44638.91,60,100,8,42,0.0,0.0,0
2025-09-15,Mon,4213.56,0.012,39915.04,92.9,83.3,73.3,169,10.2,2025-09-15 07:14:00,2025-09-15 19:36:00,44518.67,17,40,2,50,0.0,0.012,3
2025-09-16,Tue,5206.13,0.0,40324.65,93.8,83.6,72.6,193,9.6,2025-09-16 07:15:00,2025-09-16 19:34:00,44398.39,6,31,0,45,0.0,0.0,0
2025-09-17,Wed,4723.0,0.004,40290.65,93.8,83.6,73.4,204,9.3,2025-09-17 07:15:00,2025-09-17 19:33:00,44278.15,36,100,0,44,0.0,0.004,1
2025-09-18,Thu,6501.0,0.004,40191.22,94.0,84.0,72.6,200,7.6,2025-09-18 07:16:00,2025-09-18 19:32:00,44158.01,18,93,0,46,0.0,0.004,1
2025-09-19,Fri,17339.0,0.075,40005.34,93.3,82.0,74.1,161,11.8,2025-09-19 07:16:00,2025-09-19 19:30:00,44038.05,58,100,0,54,0.0,0.075,5
2025-09-20,Sat,20151.0,0.0,40090.21,94.0,83.2,72.6,177,11.6,2025-09-20 07:17:00,2025-09-20 19:29:00,43918.33,19,59,0,50,0.0,0.0,0
2025-09-21,Sun,10336.0,0.567,34671.16,94.0,81.4,73.5,171,13.6,2025-09-21 07:18:00,2025-09-21 19:28:00,43798.94,38,96,1,60,0.0,0.567,4
2025-09-22,Mon,4581.05,0.016,39660.97,91.0,81.5,74.2,171,13.9,2025-09-22 07:18:00,2025-09-22 19:26:00,43679.93,12,59,0,69,0.0,0.016,2
2025-09-23,Tue,5660.19,0.004,39909.28,95.8,84.6,75.7,197,16.2,2025-09-23 07:19:00,2025-09-23 19:25:00,43561.39,21,100,0,63,0.0,0.004,1
2025-09-24,Wed,5373.0,0.39,26895.82,84.5,76.9,70.6,348,12.3,2025-09-24 07:20:00,2025-09-24 19:24:00,43443.1,41,100,0,72,0.0,0.39,5
2025-09-25,Thu,7425.0,0.0,39749.79,86.3,75.6,66.9,340,13.7,2025-09-25 07:20:00,2025-09-25 19:22:00,43324.28,15,100,0,57,0.0,0.0,0
2025-09-26,Fri,14625.0,0.0,39667.86,88.9,77.1,65.8,232,7.9,2025-09-26 07:21:00,2025-09-26 19:21:00,43204.97,2,12,0,45,0.0,0.0,0
2025-09-27,Sat,19553.0,0.0,39656.85,89.8,77.4,65.3,145,7.8,2025-09-27 07:22:00,2025-09-27 19:20:00,43085.25,27,99,0,46,0.0,0.0,0
2025-09-28,Sun,12696.0,0.0,39501.36,86.6,76.8,64.6,128,7.6,2025-09-28 07:22:00,2025-09-28 19:18:00,42965.19,56,100,0,49,0.0,0.0,0
